generation,params,T,target_distance,dead,convexity
-1,"[4.977680192642012, 6.436402193909942, 5.094750943074225, 1.6820815801861322, 7.490253407764822, 9.917174340739788, 7.703293631175915, 1.8148120911945609, 0.1197699009894623, 1e-06, 9.100974419525484, 7.491846846919662, 8.32372078291719, 3.1430063830346455, 8.30749772401682, 2.2197764623967746, 2.1307995357760596]","[2726.0, 3000.0, 3000.0]","[41.92605498472341, 240.67028252277623, 455.0841967007455]","[0.0, 1.0, 1.0]","[0.0, 0.006843274687014226, 0.01047062479862167]"
-1,"[4.070789565214696, 0.0038289436747096506, 8.455178161638099, 1.6113245334394066, 8.174755144248623, 7.080375711463896, 7.7026000297146116, 5.99993166737686, 0.9614675243786862, 1e-06, 4.970104003740202, 3.383387151389984, 8.199255190622718, 4.403966958187514, 8.189076471100012, 2.2066204295723675, 2.6942039126325312]","[1832.0, 3000.0, 3000.0]","[41.07013541224788, 231.56797162917465, 452.82595726981145]","[0.0, 1.0, 1.0]","[0.0, 0.26649379162996084, 0.021663279526724512]"
-1,"[4.381688926061602, 1.260458531287345, 2.0303198078781683, 8.415427418631351, 5.607027184415395, 4.530772106203595, 8.461328224507653, 5.753746650591522, 0.6337168435741932, 1e-06, 7.1395908757231235, 2.651127417398783, 3.0679581583320403, 6.395707676231924, 7.367736027627966, 5.541597980293332, 2.214049208169943]","[1705.0, 2744.0, 3000.0]","[41.47696097257076, 138.55695502582068, 394.2910174597263]","[0.0, 0.6, 1.0]","[0.0, 1.7446898186944924, 0.3917426670527464]"
-1,"[6.342142760246357, 9.385529341093902, 2.581863842453116, 2.924804596307673, 5.979508084274578, 6.998250211170117, 9.900555533230705, 5.881996127046236, 0.8878995090635765, 1e-06, 4.727789268321195, 3.0554859917165245, 5.451257046676875, 8.21707433797784, 2.597581425881023, 2.8575543769842464, 1.3403566778343017]","[2429.0, 3000.0, 3000.0]","[41.72950795096591, 144.71946268084545, 433.6531688822761]","[0.0, 1.0, 1.0]","[0.0, 1.3936264462751626, 0.08568277078298647]"
-1,"[6.689134401421514, 3.714049470154468, 2.065026785828307, 3.307044032080019, 3.5714069369059698, 6.055748874288405, 8.112159825331954, 4.4579246119069085, 0.44731070668310563, 1e-06, 2.78977744176579, 0.7517059236959239, 3.334168639795194, 8.908684638808879, 7.428858312809449, 7.737232184077107, 1.8544325339693841]","[3000.0, 3000.0, 3000.0]","[48.46866724621766, 212.7690631906742, 395.08579085577264]","[0.0, 1.0, 1.0]","[0.0, 1.9792018557637452, 0.7591046346191285]"
-1,"[3.6528645954502705, 9.13217542315818, 4.333878909876069, 9.256518130836788, 9.729576532920156, 3.046256755927022, 4.329305855133808, 5.831126288435887, 0.3488282233955242, 1e-06, 3.5582164057564083, 2.310329520697247, 3.182260710984516, 7.84947199894594, 9.986641905365508, 2.224280046856605, 8.72040803729509]","[650.0, 3000.0, 3000.0]","[44.45061456064939, 143.88948179778035, 392.14696234320917]","[0.0, 1.0, 1.0]","[0.0, 0.3038938753853519, 0.27938365570865]"
-1,"[5.443049309704545, 0.19519958823183248, 0.6881640857365579, 5.2544948107749025, 3.7319214450949283, 5.071981993621803, 2.7483440401180403, 9.706057075617613, 0.46966701527168436, 1e-06, 9.382420995179428, 9.667266721638129, 8.035799179851105, 3.095032258567059, 9.009090868986506, 2.4831942558671654, 7.296165606578386]","[2785.0, 3000.0, 3000.0]","[42.32018232851626, 260.4955512167995, 456.4204956990551]","[0.0, 1.0, 1.0]","[0.0, 0.005248894004285879, 0.005804059578764028]"
-1,"[7.214887283519693, 6.531640777505398, 7.6697313263097655, 8.118302554393782, 6.231630784788654, 6.392344255904067, 0.9738624473422608, 3.708627664523175, 0.8861344066936595, 1e-06, 7.489151442879432, 8.066296844907, 4.375974808560532, 8.116821201552442, 6.916116364732406, 7.9667095837314275, 3.297187456978287]","[2147.0, 3000.0, 3000.0]","[41.469472803331676, 200.18174801705507, 432.67397784108744]","[0.0, 0.6, 1.0]","[0.0, 2.4399323946180944, 1.0926942263284944]"
-1,"[7.56749996221688, 8.439536221560056, 3.790726428075412, 2.236880773986134, 5.577696812781423, 7.569809162993031, 2.573873511452943, 8.584989326905193, 0.2951921852667681, 1e-06, 3.2104380388114695, 5.043224636941246, 9.119286042699642, 5.883173384540239, 6.617696612077123, 3.3311830418434902, 3.6323037791189234]","[2786.0, 3000.0, 3000.0]","[42.10861779555129, 255.24391289084792, 445.08259781578107]","[0.0, 1.0, 1.0]","[0.0, 0.021834490640087533, 0.04596538233252812]"
-1,"[0.614140214933595, 5.197664884520465, 4.4915414462979655, 2.9898286145862576, 4.210139748535337, 5.384646046415697, 2.9485052230878517, 3.6253769582016258, 0.808754252205918, 1e-06, 9.150333309192447, 4.215556788341992, 9.289132583873808, 6.69662074177449, 9.969499899250955, 2.5836154299830283, 7.788400590206347]","[2634.0, 3000.0, 3000.0]","[42.11318921886226, 253.70410329784502, 441.8458300801636]","[0.0, 1.0, 1.0]","[0.0, 0.09029797750184154, 0.12882385682162553]"
-1,"[5.882685699028393, 5.145660203091754, 7.5821559459952015, 8.332817242174077, 8.817614794170181, 5.4088325749613535, 3.8067705732339263, 5.952851275298433, 0.042872902291423064, 1e-06, 5.8602314260277675, 4.435047771321319, 7.4669441223242075, 9.64281262031233, 8.23790035093487, 7.014829144753054, 2.5021707836646616]","[1311.0, 1576.0, 3000.0]","[41.030740022776286, 234.88065846263484, 439.99723602951036]","[0.0, 0.8, 1.0]","[0.0, 0.0256593051627816, 0.04226788008149282]"
-1,"[9.717360181200004, 3.8711374679552533, 9.052363086662364, 5.010546237998758, 7.706857977202715, 9.211820805511058, 0.5838575478314723, 2.947466449489732, 0.1776944095866347, 1e-06, 3.418083465897844, 9.1540074330912, 4.76901395126878, 2.904302548711308, 9.476604430946336, 2.446102386027751, 4.99918585939605]","[2480.0, 3000.0, 3000.0]","[41.651883537167265, 238.16908605194382, 449.46780491076953]","[0.0, 0.8, 1.0]","[0.0, 0.033806572721203, 0.06945990369197663]"
-1,"[6.878467561330038, 8.170848276554661, 2.2690730721217642, 2.023528544291082, 5.971491465431711, 8.933150640748533, 9.271214033544181, 1.9040336327223983, 0.6894595165647293, 1e-06, 8.781102919313483, 2.9561117161195813, 4.891426939299528, 2.1754551592700233, 8.842157924355185, 2.0291360451194973, 3.1842856404807236]","[3000.0, 3000.0, 3000.0]","[43.01238625110132, 237.93585195515428, 443.9580897762479]","[0.0, 1.0, 1.0]","[0.0, 0.021576016692157394, 0.026936812696623066]"
-1,"[2.463311961044999, 9.220521803674396, 0.8162815976425408, 3.366584447104107, 7.7630452202677205, 4.158956092022917, 5.776585047527148, 4.246570798158615, 0.013141068383270253, 1e-06, 3.469169474895924, 2.1152697390676893, 9.826050201091807, 8.711857684065158, 5.038383780160748, 4.1561778530777795, 1.05693266654872]","[1139.0, 3000.0, 3000.0]","[41.656671954606225, 126.36742138870343, 396.750664977828]","[0.0, 1.0, 1.0]","[0.0, 0.23357423819371756, 0.1876842227138378]"
-1,"[7.280698421857733, 2.663235498266893, 5.116899525735095, 6.260190715120957, 8.270341956658731, 4.1070232186038655, 0.9131661156147974, 7.740671493923287, 0.05145888007589385, 1e-06, 0.3602359146605846, 2.077889264119553, 4.325783911438097, 8.7192065737323, 7.686475509570697, 3.6440300698528514, 4.919398611396278]","[1056.0, 2192.0, 3000.0]","[41.76462676987951, 91.09364446743596, 348.4914032588922]","[0.0, 0.19999999999999996, 1.0]","[0.0, 1.3516068281422422, 0.37026460965513813]"
-1,"[4.945988123368151, 0.9116169080056102, 3.5781757348838172, 7.507009864882975, 3.901372746862984, 4.679304762085844, 3.5642444179455888, 0.040217824077161124, 0.7734537445218722, 1e-06, 6.3866673807981424, 5.260343266026526, 8.455575288054378, 7.270761470350511, 4.588814109941437, 2.6517909153211496, 2.5216793125452357]","[2479.0, 3000.0, 3000.0]","[42.05971285930826, 264.35734032990433, 456.9753283808674]","[0.0, 1.0, 1.0]","[0.0, 0.005510493984301787, 0.009138600726018332]"
-1,"[0.05287650017404277, 0.7816590847055904, 8.29808402863943, 5.1676916611101404, 8.522614270530203, 8.173776340365356, 5.277993576896583, 7.2729547595177095, 0.9438229686882665, 1e-06, 2.5443152897114674, 9.083838888839514, 6.297179987246173, 3.6670665119439585, 4.691329305351392, 2.9734520096338577, 4.281589373181581]","[2019.0, 3000.0, 3000.0]","[41.16372300601679, 135.9153068583001, 373.35979912379423]","[0.0, 0.6, 1.0]","[0.0, 1.2713369587737147, 0.45709679955669125]"
-1,"[9.03374234226432, 5.597753752415349, 8.071614872922298, 5.291153595962532, 3.665539448703065, 6.050170553991508, 6.991663706733698, 7.545476523045006, 0.6778538465050356, 1e-06, 6.823375046024743, 9.800212501462235, 4.491027032133534, 7.705735916867687, 2.7792020547895495, 6.373385469098076, 2.6649718672642804]","[3000.0, 3000.0, 3000.0]","[47.299898967663474, 208.98754752773146, 438.254368945546]","[0.0, 0.8, 1.0]","[0.0, 2.0113594598055053, 0.7222719405579647]"
-1,"[2.0820116627245158, 8.29340621289375, 2.992536353491866, 8.80704999592303, 3.22242421235968, 8.286614968376114, 2.153617996019249, 3.6688694364204277, 0.1577097900530715, 1e-06, 2.0105393962911946, 3.545789552134203, 5.559184320402325, 4.140183233331795, 3.015303585621298, 3.6000226613252364, 2.163601457022941]","[3000.0, 3000.0, 3000.0]","[66.17853164473333, 184.03323511824894, 402.0857209566096]","[0.0, 0.6, 1.0]","[0.0, 1.6455323678898253, 0.7951807340598086]"
-1,"[7.738629792084443, 1.5695556248956266, 5.4506444137853265, 0.7970513206661101, 3.688880468775841, 6.023805836599716, 5.92249845860918, 7.166423945633572, 0.5682890325640798, 1e-06, 3.768963166967588, 7.379274548695213, 9.653858298040147, 9.242612848136389, 5.424312731353769, 8.775653245349275, 2.1121982383349938]","[3000.0, 3000.0, 3000.0]","[46.83849668556671, 260.2963863007644, 453.12971302899484]","[0.0, 1.0, 1.0]","[0.0, 0.03978160415563519, 0.0427530426753205]"
-1,"[6.169181474195014, 7.628187096958498, 0.016787689092433444, 0.8212009040304313, 5.248252362135027, 4.514448627530577, 1.7475749052605716, 5.51840425946582, 0.6396290715740403, 1e-06, 6.99558709757936, 3.1816898367795288, 5.5617968770032, 3.063968984527782, 2.952496092406059, 2.5179555569937806, 2.613552881236685]","[1810.0, 3000.0, 3000.0]","[41.546370546693325, 237.19972231214933, 445.2924441426735]","[0.0, 1.0, 1.0]","[0.0, 0.012774502860905116, 0.014042806592296102]"
-1,"[4.73551780639414, 8.831765820246616, 9.369671393067433, 7.714579192326468, 8.453094744663536, 3.102506621703505, 6.928559486659069, 0.34320365271447884, 0.7548748508808113, 1e-06, 0.836409201287582, 9.304388822811847, 4.296450254974888, 9.683079227100254, 8.056620890043344, 9.089128981394573, 5.41749122140663]","[766.0, 3000.0, 3000.0]","[43.69232083224204, 124.57229630812928, 338.77151085615606]","[0.0, 0.0, 0.4]","[0.0, 0.8699022329202608, 0.5315724979034395]"
-1,"[3.517796032589069, 6.9912090821147, 4.604858427048519, 7.346345269796897, 9.676257122718987, 3.3971985368752957, 1.6555631776981028, 4.303582175138024, 0.02744948741572796, 1e-06, 4.231781013402022, 1.7452879881407015, 3.2939176364430334, 7.080767005032367, 3.1330939833672655, 5.5565389756242105, 1.8890863726730434]","[735.0, 3000.0, 3000.0]","[43.43797907845216, 123.47644970501062, 359.19404379457563]","[0.0, 1.0, 1.0]","[0.0, 0.31974174241018927, 0.20227969034441787]"
-1,"[8.98063631580873, 2.9788512683842994, 5.407770785563972, 2.849945604401376, 9.640044074455977, 4.9443748042112, 6.762385286612236, 3.5436536252840103, 0.6834900366036303, 1e-06, 7.729925377825924, 6.262507666050557, 6.192703975283259, 5.604576117188165, 2.4072355537875194, 2.4237471442300236, 1.2177640514949788]","[1097.0, 3000.0, 3000.0]","[41.257184223792315, 238.0966245508538, 455.4118298379733]","[0.0, 1.0, 1.0]","[0.0, 0.0046122123897821355, 0.0077049572430851615]"
-1,"[9.295333096696448, 6.70457969514708, 9.048610107099664, 6.146949375583336, 4.489684871691469, 3.087560749608155, 5.336786787627776, 9.729953582373042, 0.7936979550597262, 1e-06, 3.639227696535096, 1.3339475055012737, 4.8929266730412335, 7.420955610893423, 3.9308255970271295, 4.761690951452573, 1.8477416359350143]","[1446.0, 2114.0, 3000.0]","[42.18117146993604, 140.05076274100045, 358.65453218354935]","[0.0, 0.6, 1.0]","[0.0, 1.684192141875978, 0.3643824589549925]"
-1,"[4.096824249368033, 3.778255596902663, 5.834185382368494, 0.7894453728685369, 9.955276495135097, 3.950144466159083, 0.5381591084377613, 9.100306297374964, 0.36512947286266517, 1e-06, 2.508697559501463, 8.083413281640308, 8.199735117559063, 7.1611509290292945, 8.430797368557753, 4.440323073059453, 7.828175062978803]","[840.0, 3000.0, 3000.0]","[42.37097778460812, 240.75468665602693, 431.6133241625237]","[0.0, 1.0, 1.0]","[0.0, 0.06897241205374322, 0.07010521266606595]"
-1,"[2.6965340965085405, 4.966450735670228, 8.293798606234255, 5.438484300170655, 4.678894409095875, 5.3355661346059495, 8.60530646521499, 5.289953018157814, 0.3457717145119037, 1e-06, 1.4801211459665402, 7.413745485730989, 5.547138593428398, 6.133835847080616, 4.120011633138423, 5.543882150698467, 1.5507900859539068]","[2367.0, 3000.0, 3000.0]","[41.84446884604523, 139.103476017007, 385.954816725056]","[0.0, 1.0, 1.0]","[0.0, 1.1647520206897823, 0.614570533659724]"
-1,"[8.691241443899026, 6.618477816145171, 1.8157346768852523, 1.566020782092773, 4.818121155133321, 6.105663261062356, 9.441883604194308, 7.8460373139854465, 0.28804861993604153, 1e-06, 0.42486583215212664, 7.760360867335472, 8.003326346973783, 7.13777754862779, 6.427243366375226, 2.382807401140348, 3.843764951023463]","[2613.0, 3000.0, 3000.0]","[42.016962651575774, 147.56720300649823, 384.08884380028786]","[0.0, 1.0, 1.0]","[0.0, 0.5792543497303222, 0.442579206663745]"
-1,"[6.008071170261532, 6.193824714887724, 8.976475327087362, 3.3023468096049213, 4.709927729501225, 6.06595799242295, 6.172030693534642, 8.516159900193536, 0.7432815980935954, 1e-06, 3.8963369415927063, 7.464423756424547, 5.594359332394076, 5.394446434146489, 1.1652461990189695, 3.7235691338507744, 1.0338667761068567]","[2652.0, 3000.0, 3000.0]","[42.06999463507474, 233.50096891860866, 436.68178332383263]","[0.0, 1.0, 1.0]","[0.0, 0.03424575221274173, 0.31575695527874714]"
-1,"[9.663490204232643, 0.9247621603517853, 0.4161923211424401, 5.171031740060944, 9.884202517250424, 4.917619921766775, 1.330731668807188, 0.9053856705035235, 0.00348531571809745, 1e-06, 3.532370642904905, 8.200075572126579, 4.551877120256507, 6.383999838838637, 1.489580492543415, 3.4155981828727313, 1.4443121168815836]","[1064.0, 3000.0, 3000.0]","[41.30146596592753, 211.9079043346906, 434.92653135194286]","[0.0, 1.0, 1.0]","[0.0, 0.12368270720131265, 0.0955922612998195]"
-1,"[6.034247947943224, 4.637392058691132, 9.311566567766025, 3.494068092651691, 3.507211039489792, 6.186719218165374, 5.891385892379942, 7.994951298007003, 0.36839564783474543, 1e-06, 8.88565812146061, 6.329000102563527, 4.915244476977345, 9.45301307263777, 6.127532720242035, 8.245258849469398, 5.135404611294526]","[3000.0, 3000.0, 3000.0]","[50.18696859567877, 215.61842271607858, 440.9290475350867]","[0.0, 0.4, 0.8666666666666667]","[0.0, 2.627372101222984, 1.7585369877914179]"
-1,"[6.716655433346769, 2.9893141442208924, 6.531284841913282, 1.153798351096238, 7.688815957383188, 6.676185883870115, 3.2294893104593547, 4.423088971002055, 0.2850669016453863, 1e-06, 4.260555126864579, 4.92187477724041, 3.1883997078571378, 2.8683126824082006, 8.68516348929322, 2.1526449903357774, 3.387535540211774]","[1835.0, 3000.0, 3000.0]","[41.13164100748613, 230.27439587893372, 430.258609480533]","[0.0, 1.0, 1.0]","[0.0, 0.06695158384511828, 0.17873858803989995]"
-1,"[6.956305857365192, 3.8495818836927596, 4.038896431857884, 0.3795831312666853, 6.042095198597943, 6.9950959281432485, 4.414995470182994, 3.8159757708112707, 0.17295950978549485, 1e-06, 0.5082150660967892, 2.831761866996047, 3.0585715322134353, 3.305206981643427, 1.5872643117185956, 3.211819179616268, 1.310107411069158]","[2405.0, 3000.0, 3000.0]","[41.69516915636696, 144.91894376797003, 356.80160211948044]","[0.0, 1.0, 1.0]","[0.0, 0.9193851247238745, 0.5989928536422009]"
-1,"[2.292817385819651, 6.154377060688342, 2.6238001783450526, 6.487258817916963, 6.604401589100375, 5.772683298659634, 9.046790710041067, 6.850423123802679, 0.9467980593100093, 1e-06, 3.8380735904173964, 6.6993942325249485, 7.358937609203969, 4.174565456552527, 1.8555897965722918, 3.8017211163315645, 1.2901393757153639]","[1844.0, 3000.0, 3000.0]","[41.27365212353414, 171.95154820220503, 422.3102180210296]","[0.0, 1.0, 1.0]","[0.0, 0.3119093833655885, 0.1543364466325396]"
-1,"[0.011729586431145078, 6.9240722484292485, 3.3082482690898143, 7.318345170167494, 3.840894460148248, 4.800841156844934, 9.126270364806201, 6.125529947665633, 0.4054730260606146, 1e-06, 6.730181715945512, 1.792324393544007, 4.895871799613683, 9.044213243566432, 9.429964162229954, 6.947298650495028, 5.485329975104978]","[2576.0, 3000.0, 3000.0]","[42.14583644562988, 155.89394156776825, 390.6841697251525]","[0.0, 0.4, 0.7333333333333334]","[0.0, 1.8700718606973372, 0.9141278142347733]"
-1,"[9.107413297700058, 6.603435782516186, 9.395195146878324, 7.052943963213394, 4.518896964704453, 9.134664342911979, 5.350939663224967, 3.417334115512052, 0.2326720211704047, 1e-06, 5.434549318264718, 0.4644177902745635, 5.550977349284693, 4.041452955676685, 1.8750882547160472, 3.0262101955946186, 1.3113339602799836]","[3000.0, 3000.0, 3000.0]","[56.0296386669784, 177.48500533099937, 420.1247883953828]","[0.0, 1.0, 1.0]","[0.0, 0.9707542286516003, 0.4416629427769043]"
-1,"[8.781816127594142, 5.267167984205586, 1.4583224239855397, 0.7745257515133486, 6.980506764979268, 8.455897987167646, 4.101410652926529, 5.347351825867182, 0.80638024983342, 1e-06, 6.073148168481301, 8.936244575792346, 4.152302195295982, 3.3820902832050184, 9.50322315755206, 3.1157316063504146, 9.305614984265972]","[2510.0, 3000.0, 3000.0]","[41.72616852303561, 221.77147481319787, 441.8271976093051]","[0.0, 1.0, 1.0]","[0.0, 0.43492551322909334, 0.2038069308334913]"
-1,"[5.258328535793014, 4.249799770179429, 9.535867812462062, 6.208603956150601, 5.916947559434471, 6.0405087738039445, 4.78791849414424, 0.6032034514385365, 0.15671903725141342, 1e-06, 6.896765077505983, 8.83993934574356, 7.021044273869257, 3.176566108644489, 7.196861463422522, 2.1898257615072625, 4.295891738810939]","[2136.0, 2636.0, 3000.0]","[41.51065217585193, 239.85107483640815, 454.4473695528343]","[0.0, 0.8, 1.0]","[0.0, 0.007995561437404323, 0.012006185119576056]"
-1,"[2.0166961609554135, 2.763257883052556, 8.706149368407702, 5.544455257245744, 8.23667177447796, 4.064705895049428, 4.459118626165378, 3.924325376257812, 0.9767094030070684, 1e-06, 8.230099714373614, 6.805353177369594, 3.469769789979374, 8.266496641545677, 7.529889916745428, 6.379895638533032, 3.79286992095174]","[1049.0, 1718.0, 3000.0]","[41.80330954356999, 194.33913051490634, 412.15536541641563]","[0.0, 0.6, 1.0]","[0.0, 2.1462470174296127, 0.17664898154971317]"
-1,"[2.724461451950544, 4.943232215517085, 4.060483605488006, 1.0595217027035497, 8.408072599495608, 7.633509395098164, 1.5051770724535252, 6.130328401424922, 0.9498286723356721, 1e-06, 0.4486091806176748, 9.67051561214466, 7.543295220080887, 5.8431326277577, 9.580353631978854, 3.7132102403982676, 2.836264261035254]","[1916.0, 3000.0, 3000.0]","[41.10922447144156, 138.08165943367297, 372.1202634382943]","[0.0, 1.0, 1.0]","[0.0, 0.6310332232524041, 0.4197571930224716]"
-1,"[0.036020320578317166, 7.950350648021278, 1.4831211000659306, 7.96953172076784, 3.5691552133054474, 7.433742434678165, 0.2343763399002574, 7.20803630275586, 0.014021848576634754, 1e-06, 5.880655545880657, 7.92824519644839, 9.46771439291833, 6.627170357356174, 5.9554471596717535, 6.295568464990974, 4.426566868480799]","[3000.0, 3000.0, 3000.0]","[57.38027149481136, 172.55459345260192, 379.1319326064738]","[0.0, 0.6, 1.0]","[0.0, 2.06984554330412, 1.2387791199242026]"
-1,"[7.9246113266132685, 5.064258057656756, 9.942442530482722, 5.625639010576898, 3.9871400042491727, 3.2856399619459307, 8.41606520149457, 0.9214899523162112, 0.5868007606530176, 1e-06, 8.14577518960203, 3.6960710763798157, 4.158032641512575, 3.428752545941757, 2.0573587719926416, 2.741965814097788, 1.0752501269712902]","[1728.0, 3000.0, 3000.0]","[42.00592143235653, 221.19459843221316, 440.3520374194763]","[0.0, 1.0, 1.0]","[0.0, 0.12337192002748387, 0.13176271687426785]"
-1,"[4.205862884409376, 2.306826438092907, 1.4223838984828896, 7.308940335391836, 8.58970942656881, 8.187077670990085, 3.9467742793641767, 4.7387519995384375, 0.7190028045607335, 1e-06, 5.343663967680406, 2.395889668422959, 4.759696032736461, 6.402046775029253, 8.096385300381437, 3.6602972727251886, 4.994162127464701]","[2007.0, 3000.0, 3000.0]","[41.1550223850793, 155.63318593066452, 410.5136906207436]","[0.0, 1.0, 1.0]","[0.0, 0.7831477968841388, 0.41569136152527303]"
-1,"[9.892459921570294, 3.562376167505199, 7.9345692469760785, 5.858957279846411, 5.716377912968724, 6.570602536149893, 0.6767670770168555, 5.859378936584148, 0.8325359960594865, 1e-06, 6.470028217353813, 0.5095969312085402, 3.7915050659028955, 7.010739254989746, 5.812155043099275, 2.94911986588569, 2.656195008684669]","[2388.0, 3000.0, 3000.0]","[41.71666361404575, 143.07276117253588, 356.5674639378983]","[0.0, 0.6, 1.0]","[0.0, 1.2859944215016461, 0.762254089556698]"
-1,"[1.1370262509574625, 6.910715118020734, 6.802856090229453, 9.621083361673527, 7.817689829023527, 9.425060063046356, 8.027433590624367, 5.823759539283118, 0.541501337855824, 1e-06, 1.7256042768138262, 6.035963321275258, 5.654034263870933, 2.943639914298828, 8.283539857906765, 2.3502739828762245, 1.5182756211330974]","[2500.0, 3000.0, 3000.0]","[41.66735512798078, 146.5009635967398, 377.386598628994]","[0.0, 0.6, 1.0]","[0.0, 1.138960687940448, 0.7677560266813974]"
-1,"[1.053579843319613, 0.5902707762616466, 2.1720946392545804, 5.536397455628724, 6.522902469279192, 4.401220894991071, 1.2673680217235617, 4.733373832911062, 0.6210179302811747, 1e-06, 5.0803023139767, 9.199458111976611, 8.868777023350194, 7.980465200125996, 4.566655199386335, 5.412377767003531, 3.5915695718606386]","[1432.0, 3000.0, 3000.0]","[41.41561084053796, 232.53842896388153, 433.87488570124015]","[0.0, 1.0, 1.0]","[0.0, 0.14366588334234737, 0.09563756513177459]"
-1,"[4.372928454464145, 0.47169802954657003, 6.657231323325583, 8.696006841631853, 5.172756105622787, 8.534151662505352, 7.162461489862848, 6.438098336926286, 0.0324595019162678, 1e-06, 5.086307671372939, 5.344263525680178, 3.777163743575933, 9.775626922994203, 3.1380229806488353, 7.921400407562107, 1.8889449329771821]","[3000.0, 3000.0, 3000.0]","[47.18050462269818, 212.18773612568387, 413.26397458732146]","[0.0, 1.0, 1.0]","[0.0, 1.879005166020967, 0.592088190626108]"
-1,"[4.517518859663367, 8.197729233389012, 9.73271138458083, 0.4225194828037393, 8.189739039851222, 7.554545719276144, 5.382320566747223, 3.8424067274856033, 0.4985868909208832, 1e-06, 9.330188937702616, 1.3384807838144124, 4.07008801067618, 7.667260145985663, 5.18810482072983, 5.597696978659343, 3.565931128338872]","[1945.0, 2687.0, 3000.0]","[41.143156560761994, 140.593216776533, 362.1329619114497]","[0.0, 0.8, 1.0]","[0.0, 1.1798915281966582, 0.5883201183513231]"
-1,"[7.185142907009551, 1.4256803621136105, 7.030829093300142, 3.3002674826396596, 7.843790256320778, 5.454444872536097, 8.251697029522134, 8.463798002679617, 0.6347076200259657, 1e-06, 4.079376720972335, 3.6259062227276826, 4.274193116360774, 2.5319441710869297, 6.5954595147134585, 2.239977288039161, 1.3755293114936935]","[1480.0, 3000.0, 3000.0]","[41.09667878667441, 205.6394418329029, 448.7720242525116]","[0.0, 1.0, 1.0]","[0.0, 0.3352998061416122, 0.04176567670540196]"
-1,"[6.299213054231025, 5.985840189263705, 5.240612037231614, 1.1021338191710939, 6.265469681883172, 6.537970988379016, 1.1931155845490993, 2.5092402117616484, 0.9972396753506597, 1e-06, 8.944216556738738, 4.90436205637962, 8.123573966588685, 2.848900875606188, 4.842654602237033, 2.5919615576391233, 2.186749690682612]","[2182.0, 3000.0, 3000.0]","[41.49121165428852, 260.3686795483597, 456.54405361432634]","[0.0, 1.0, 1.0]","[0.0, 0.005375373424101753, 0.007187421812071376]"
0,"[10.0, 4.268045782683128, 5.094750943074225, 0.0, 8.235999223321373, 7.325101377052108, 9.073529853455165, 8.221683291207494, 0.1197699009894623, 1e-06, 1e-06, 8.112198448334542, 3.0, 3.2653538085761706, 5.497132609705064, 2.0, 1.0]","[1879.0, 3000.0, 3000.0]","[41.09164202314736, 137.15820640509534, 353.61605999553694]","[0.0, 1.0, 1.0]","[0.0, 0.706190663243015, 0.44091659633958]"
0,"[8.869157178209905, 3.134213596923799, 10.0, 3.3666455703043803, 4.092866182932057, 3.256891228026111, 6.445369971444073, 5.99993166737686, 0.6956812539458943, 1e-06, 9.027042342283648, 9.660882838879177, 9.845753333933033, 4.403966958187514, 1.0, 3.6765447692427395, 1.0]","[1670.0, 3000.0, 3000.0]","[42.01873560491221, 264.22366655751256, 456.59775387107373]","[0.0, 1.0, 1.0]","[0.0, 0.007211064980298391, 0.0041182061738696055]"
0,"[0.3491231457575976, 10.0, 1.5057978466536182, 4.589489879897517, 8.808293456494852, 4.962284347119902, 6.189389783659905, 2.478933729913325, 0.5530068685980517, 1e-06, 7.341800567448086, 1e-06, 7.52918783082459, 9.683224794480203, 1.5916880337159651, 5.541597980293332, 1.0]","[1204.0, 3000.0, 3000.0]","[41.18766378060519, 129.1831074261289, 378.64832819396275]","[0.0, 1.0, 1.0]","[0.0, 0.5842353040284235, 0.3131587348367927]"
0,"[6.945187612780703, 2.6834439471842386, 2.372652958577597, 6.967315517251819, 10.0, 8.484082575008058, 8.139455224309131, 8.70388876789504, 0.6711321566443043, 1e-06, 4.886271308193296, 7.148282591627606, 4.706981653744369, 6.366178919268722, 10.0, 2.5696600110705474, 1.3403566778343017]","[1799.0, 3000.0, 3000.0]","[40.90224800716769, 205.00978367865915, 438.2925342072826]","[0.0, 1.0, 1.0]","[0.0, 0.4142399755853979, 0.1058600664833814]"
0,"[10.0, 10.0, 1.3379926850250978, 3.670157103357102, 3.0, 3.0, 7.440396030301207, 4.821730957821821, 1e-06, 1e-06, 7.655743812690753, 3.528500266667593, 7.667010224594605, 8.908684638808879, 3.09155108211797, 7.4378387281976055, 1.0]","[2078.0, 3000.0, 3000.0]","[42.281909640501496, 239.97754514917833, 455.1540518748294]","[0.0, 1.0, 1.0]","[0.0, 0.007605030181423792, 0.013517321906135197]"
0,"[10.0, 4.371134029921214, 10.0, 0.0, 4.054129304244879, 4.1135326867062325, 9.302108948086099, 3.714261850391223, 0.7844410695090502, 1e-06, 3.9749302968929916, 7.601689883230553, 10.0, 7.84947199894594, 1.0, 9.33975785977664, 1.0]","[2116.0, 3000.0, 3000.0]","[41.86514617231741, 262.3570096322349, 455.81059324572794]","[0.0, 1.0, 1.0]","[0.0, 0.021200165421564648, 0.014398363404465476]"
0,"[0.0, 7.247437183298443, 7.730976334740839, 5.2544948107749025, 3.7319214450949283, 6.485426679636598, 10.0, 1.5861879360083182, 0.999999, 1e-06, 9.391208801045217, 9.337646257531183, 10.0, 4.313508598318586, 6.174733583850656, 4.313508598318586, 4.13289186688297]","[3000.0, 3000.0, 3000.0]","[49.517540634261785, 164.94338956293424, 398.70280154963893]","[0.0, 0.0, 0.6666666666666667]","[0.0, 2.3232351040002706, 2.0679007163036793]"
0,"[10.0, 2.7499436103684753, 10.0, 8.118302554393782, 8.535334669750133, 5.300257288948049, 5.176026950786239, 5.217192001145196, 0.879402905421417, 1e-06, 1.4007984014868389, 3.2191395112387955, 3.0, 8.116821201552442, 7.654445024566175, 2.0, 2.678243150104844]","[1326.0, 2095.0, 3000.0]","[41.07344551895952, 190.44545464822093, 367.3665727131881]","[0.0, 0.6, 1.0]","[0.0, 0.996778453590394, 0.364919343506723]"
0,"[9.644733555417417, 7.238270263843312, 3.790726428075412, 7.887250303639644, 3.0, 5.1898721355834105, 10.0, 0.3957581948529262, 0.9271376733608547, 1e-06, 9.394650633484149, 3.138980503685631, 3.0, 2.0, 1.0, 2.0, 1.0]","[3000.0, 3000.0, 3000.0]","[49.40127242878456, 215.75532264651017, 436.6040049312895]","[0.0, 1.0, 1.0]","[0.0, 0.78000245827101, 0.112305713245604]"
0,"[2.2021464227027354, 6.2736369417340505, 10.0, 10.0, 8.100106674363001, 3.0, 6.188909945119342, 0.5611068930393894, 0.999999, 1e-06, 4.507847350162684, 5.266725819765672, 9.289132583873808, 9.023010553359937, 9.0451151045509, 9.023010553359937, 5.755467601750954]","[772.0, 2193.0, 3000.0]","[43.813472932207574, 196.9259152656161, 389.07927975798646]","[0.0, 0.8, 0.9333333333333333]","[0.0, 1.4162057541948976, 0.4208661858531525]"
0,"[0.05287650017404277, 7.306709835373963, 0.5022774451620178, 1.1643607551771282, 3.5408130677550833, 6.103544780312111, 7.315925748460054, 6.917039820526671, 0.15236125380899124, 1e-06, 8.17376615979499, 9.362263568725432, 10.0, 4.379743605474752, 1.0, 4.379743605474752, 1.0]","[3000.0, 3000.0, 3000.0]","[49.18350310290961, 161.16388729673287, 378.6536887435932]","[0.0, 1.0, 1.0]","[0.0, 1.374719684783041, 0.7495494519727027]"
0,"[4.48178331426437, 6.6110025686233245, 2.0740135737185885, 0.0, 10.0, 10.0, 4.142391054134031, 0.0485596564684867, 0.5407802921084613, 1e-06, 10.0, 8.940324526274171, 3.4117473991674334, 3.6037643647880344, 10.0, 3.6037643647880344, 10.0]","[2102.0, 3000.0, 3000.0]","[41.147876524734784, 213.02923423701688, 441.96031190178087]","[0.0, 1.0, 1.0]","[0.0, 0.457466924096868, 0.10317980034600345]"
0,"[0.8190027825025314, 7.6085630385970795, 6.467815283051762, 7.974273075034198, 3.0, 5.49732209544638, 0.5701619194032919, 9.297876077101524, 0.09315988472159831, 1e-06, 7.362699493532908, 10.0, 10.0, 5.324301774338722, 4.193390445295811, 5.324301774338722, 3.8879225352872377]","[3000.0, 3000.0, 3000.0]","[51.89816923203786, 248.64716989118324, 439.4104681488536]","[0.0, 1.0, 0.9333333333333333]","[0.0, 0.1443389799356502, 0.14097106366255654]"
0,"[4.859809394754908, 0.33584829980922803, 0.9863559306694818, 3.366584447104107, 10.0, 9.047496371898804, 4.753498267662222, 5.893739971056382, 0.3176239062706199, 1e-06, 2.5797333809491487, 2.7577786398279622, 3.534617061895612, 2.012498008255184, 10.0, 2.0, 1.990663983487046]","[1913.0, 3000.0, 3000.0]","[40.97131023964748, 206.84813008946335, 408.94545093797797]","[0.0, 1.0, 1.0]","[0.0, 0.47766497962761056, 0.2987481729715368]"
0,"[4.008589953307521, 0.3748372957944712, 5.293938281532627, 10.0, 7.284769310409443, 4.1070232186038655, 3.0192518980177576, 5.448066560039889, 0.999999, 1e-06, 2.506521261136734, 7.666996372575158, 8.69921728627877, 10.0, 3.6390085811319937, 5.274997275701331, 2.9532064207644013]","[1198.0, 3000.0, 3000.0]","[41.63081680256717, 225.07843356952708, 433.8717715723898]","[0.0, 1.0, 1.0]","[0.0, 0.19451732382889622, 0.12022782963050592]"
0,"[4.400113124750366, 0.0, 0.0, 3.895737468229026, 10.0, 9.533940033454936, 5.511374029174997, 0.0, 0.6162644011545368, 1e-06, 9.263918021856703, 7.218255612680074, 6.072796399008964, 4.687558164910412, 6.156239286806397, 2.0, 4.049542493871698]","[2010.0, 3000.0, 3000.0]","[41.05530440174118, 239.3709769907918, 454.7430644842066]","[0.0, 1.0, 1.0]","[0.0, 0.0058493028743247105, 0.00892326917905846]"
0,"[8.840802079064161, 4.1804173160545925, 7.969364933405847, 10.0, 6.718937452329448, 3.67275640312453, 10.0, 6.028600363550925, 0.8834148690871796, 1e-06, 2.5443152897114674, 0.8931557417096698, 6.297179987246173, 6.220885172967795, 1.0, 2.2598318999731237, 1.0]","[1158.0, 3000.0, 3000.0]","[41.94458584962106, 163.33518718521194, 431.650611000878]","[0.0, 1.0, 1.0]","[0.0, 0.24073341942433557, 0.14186192306254183]"
0,"[4.31996216811157, 5.568952500811605, 5.011065823665806, 10.0, 3.9806770277924377, 10.0, 2.676473218315634, 4.6250644407436745, 0.31326659067083046, 1e-06, 3.277825514075321, 1e-06, 4.182142069337751, 4.995235929668921, 7.617452731217112, 4.202514018953324, 5.078375045371206]","[3000.0, 3000.0, 3000.0]","[65.18786271208216, 187.26951206498057, 402.20450804390975]","[0.0, 0.6, 0.7333333333333334]","[0.0, 2.0795026594218444, 1.8382944838201654]"
0,"[8.12183750037693, 10.0, 2.6650821719025872, 3.1026683733584335, 8.529072026289239, 3.499103496160851, 2.0877493728814116, 5.010109559037305, 0.04419951457930697, 1e-06, 5.955537318644416, 1e-06, 3.0, 2.655920410993974, 1.680350787085017, 2.655920410993974, 1.0088713511114848]","[864.0, 3000.0, 3000.0]","[42.76180352854804, 124.05769480207522, 347.650494025782]","[0.0, 1.0, 1.0]","[0.0, 0.3429543412519353, 0.21749320005497114]"
0,"[6.348027731728651, 7.300668347152129, 5.4506444137853265, 0.2810156992895836, 10.0, 8.251017404847723, 5.92249845860918, 4.795612225640652, 0.999999, 1e-06, 6.17808008999879, 6.290934983768313, 9.653858298040147, 2.935307668729835, 1.0, 2.5870796116794486, 1.0]","[1752.0, 3000.0, 3000.0]","[40.868344285993444, 260.64350496048536, 450.314229606374]","[0.0, 1.0, 1.0]","[0.0, 0.018326243107330296, 0.009181345125553792]"
0,"[1.5339025059229954, 5.620056745682267, 0.0, 9.598220627815106, 8.21220270088653, 6.991977919812978, 0.0, 4.712784679915521, 1e-06, 1e-06, 2.4174949640920387, 8.685273459922662, 5.235511407691127, 7.106331366924733, 4.634012888584884, 2.5179555569937806, 2.613552881236685]","[1802.0, 3000.0, 3000.0]","[41.05849156656005, 187.66389415225302, 400.1077892212225]","[0.0, 1.0, 1.0]","[0.0, 0.5436678187833397, 0.2511351800135927]"
0,"[3.0491232402800756, 0.0, 3.691161847223265, 2.274036456932988, 8.704373186583076, 10.0, 8.034573932795546, 0.0, 0.999999, 1e-06, 10.0, 10.0, 6.23106333719167, 5.754714837772391, 10.0, 2.7410209966179395, 5.762947687322525]","[2392.0, 3000.0, 3000.0]","[41.49866812152694, 240.4557004346657, 455.1955110507446]","[0.0, 1.0, 1.0]","[0.0, 0.007374544845702441, 0.007585029895863267]"
0,"[5.217164121385047, 1.8709402771029229, 4.961703852530879, 6.239982867030562, 10.0, 7.360756994492504, 3.658839218458734, 10.0, 0.0859890757270764, 1e-06, 2.2004728042610413, 4.371899403034399, 7.5714885496875866, 8.835685082942986, 10.0, 6.563039471300289, 2.7724220497348244]","[1570.0, 1974.0, 3000.0]","[40.79057857434652, 196.56527142467124, 396.3560446546546]","[0.0, 0.8, 1.0]","[0.0, 0.5509390061413515, 0.26390009912324913]"
0,"[1.9715534943487998, 8.345452033284717, 5.441447784868855, 0.0, 7.235146356659351, 8.696192878113651, 5.4597428511848864, 0.22378165348444723, 0.2652555223721381, 1e-06, 10.0, 10.0, 10.0, 2.0, 1.2078609413129646, 2.0, 1.2177640514949788]","[2492.0, 3000.0, 3000.0]","[41.695589636206456, 256.1789253948772, 445.2919055226743]","[0.0, 1.0, 1.0]","[0.0, 0.03214406170890582, 0.03949839078531253]"
0,"[0.0, 10.0, 4.243580023244485, 0.09556251353812623, 3.466125417072962, 9.376964593021274, 2.1671657567469214, 4.972073252197288, 0.4726209425775737, 1e-06, 9.348570645570216, 1.3339475055012737, 5.870781254210891, 4.953182109325123, 3.1338969485930246, 4.950362366873471, 3.1338969485930246]","[3000.0, 3000.0, 3000.0]","[68.16566413661748, 187.20253683544396, 387.54639783034344]","[0.0, 0.6, 1.0]","[0.0, 2.203093086675831, 1.7007624107101953]"
0,"[0.0, 9.59054282999842, 2.3234798910974623, 2.3947863573011534, 9.111573996175744, 10.0, 0.0, 10.0, 0.5557222116617226, 1e-06, 5.47331196353658, 10.0, 10.0, 4.641301974287104, 2.922428505972852, 4.641301974287104, 2.922428505972852]","[2292.0, 3000.0, 3000.0]","[41.38728978281063, 143.3865039176312, 378.0366218938188]","[0.0, 1.0, 1.0]","[0.0, 1.2395216617187041, 0.48536314503443617]"
0,"[2.6965340965085405, 9.763954168164753, 10.0, 5.438484300170655, 4.269285252515997, 3.0, 8.18995279271429, 4.7562793043443925, 0.9961781739889353, 1e-06, 3.144101985826756, 10.0, 9.67085222841769, 7.753313834644104, 2.019103022771487, 7.753313834644104, 1.7190417029644847]","[1476.0, 3000.0, 3000.0]","[42.234271176447, 201.90727405917232, 413.15980590458616]","[0.0, 1.0, 1.0]","[0.0, 0.7211167682961634, 0.24297411803719032]"
0,"[10.0, 6.618477816145171, 8.415762288471502, 2.929555270480038, 6.635839314921463, 8.847602797168667, 3.3910027751229386, 0.18456553595068126, 0.999999, 1e-06, 6.601669528113935, 1e-06, 3.366558875366164, 2.0, 6.338459616627856, 2.0, 2.7733770498839783]","[2743.0, 3000.0, 3000.0]","[41.98281545230706, 160.9226138975114, 387.02906715382466]","[0.0, 0.8, 1.0]","[0.0, 0.9496440192394908, 0.5544973563525061]"
0,"[10.0, 3.561814461683507, 10.0, 0.25839189351939584, 6.85161490929017, 5.777085608223986, 3.9650686132254425, 3.665274264354931, 0.9514570800758938, 1e-06, 4.125993022280292, 1e-06, 3.0, 4.12350834350004, 9.220477564809372, 3.7235691338507744, 5.063240363178842]","[1782.0, 2905.0, 3000.0]","[41.220626672278286, 146.60095930352463, 396.49287883015006]","[0.0, 0.8, 0.9333333333333333]","[0.0, 0.6632819682615542, 0.28029183392897417]"
0,"[1.5526596671760726, 0.29720457483160967, 0.0, 10.0, 4.773122952014906, 8.8114373302614, 0.4786142285142839, 8.105756914378276, 1e-06, 1e-06, 9.476595546787388, 1.3142598721072947, 3.525109729841245, 5.405324814785212, 10.0, 4.305024196075279, 4.872073623165711]","[3000.0, 3000.0, 3000.0]","[52.07431593247218, 168.56692610649193, 362.745221259916]","[0.0, 0.6, 1.0]","[0.0, 1.7557831907871255, 1.5089675158217704]"
0,"[3.965566737775938, 7.809328076470649, 2.1940180275331045, 5.548092137164131, 4.772869875809928, 5.637291122729445, 10.0, 9.753880170204715, 0.22813541296316778, 1e-06, 2.222664930172839, 5.29560310300778, 4.5367248825808915, 8.823664313618579, 6.167453215348124, 6.315188294143326, 2.8880149914038835]","[2447.0, 3000.0, 3000.0]","[41.88160182785627, 148.0310698808617, 383.8785520051457]","[0.0, 1.0, 1.0]","[0.0, 1.3884439839822211, 0.7083706741583531]"
0,"[3.790815545452171, 7.402454803263878, 6.531284841913282, 0.0, 3.0, 6.432196378710469, 3.953089960975254, 4.512246859289434, 0.999999, 1e-06, 7.30898086018158, 10.0, 4.889870480331316, 6.759715862971013, 8.68516348929322, 5.680412541657578, 5.192862601464913]","[3000.0, 3000.0, 3000.0]","[58.67581425639619, 219.96296827545856, 431.1947186936784]","[0.0, 0.4, 0.8]","[0.0, 2.263161280069453, 2.03851854826598]"
0,"[2.029478896034326, 5.467014400788628, 5.220307838232077, 3.9321169545678774, 4.892087491450543, 3.0, 4.414995470182994, 6.891871435873537, 0.7985171108713648, 1e-06, 6.6582831780408736, 10.0, 3.0585715322134353, 2.0, 1.0, 2.0, 1.0]","[1289.0, 3000.0, 3000.0]","[42.40244081393725, 205.31125945559182, 429.28342457603554]","[0.0, 1.0, 1.0]","[0.0, 0.29807265505301717, 0.0794445013980338]"
0,"[10.0, 0.0, 1.112488131447816, 1.7648552556634176, 7.650447694308658, 3.0, 7.152890457107193, 3.4806420254615738, 0.7664839917501626, 1e-06, 10.0, 3.2161553525617297, 3.8652354802982556, 8.71143710292795, 1.5830121065366003, 5.29593874190542, 1.5830121065366003]","[819.0, 3000.0, 3000.0]","[43.5751797935281, 193.23104189582114, 449.84697646679496]","[0.0, 1.0, 1.0]","[0.0, 0.32793249167276994, 0.04044602202590788]"
0,"[10.0, 5.460721845180071, 8.14303768749326, 4.222831639785534, 5.654728653304922, 3.0, 2.9823484381264866, 6.27992388624162, 0.1497322151013537, 1e-06, 2.0090637042371444, 6.557714818834532, 4.705889651809276, 7.404713368321869, 1.0, 4.541461770585362, 1.0]","[1115.0, 3000.0, 3000.0]","[42.65170045272523, 192.06581360685328, 424.52816241846887]","[0.0, 1.0, 1.0]","[0.0, 0.40131132010724463, 0.08420702478936576]"
0,"[6.295108209201422, 10.0, 8.646783165994599, 0.0, 10.0, 7.2997248873842775, 4.266353838618922, 2.3641692273285324, 0.999999, 1e-06, 10.0, 2.1904850960937337, 9.359113109693972, 2.0, 3.263884138145878, 2.0, 2.765880688659408]","[1558.0, 3000.0, 3000.0]","[40.77268402872348, 261.210768295426, 447.4204270457838]","[0.0, 1.0, 1.0]","[0.0, 0.014369129351504617, 0.007613539152236882]"
0,"[6.27193648016827, 3.6280975419909662, 0.0, 5.291699098153319, 6.576672814118664, 10.0, 4.101410652926529, 4.570010374828104, 0.22061273420726982, 1e-06, 7.606229258235756, 0.3113244193919993, 4.398609166043275, 2.0, 3.087667742510944, 2.0, 1.0]","[3000.0, 3000.0, 3000.0]","[43.66743027035249, 154.8961834397213, 363.46876109792305]","[0.0, 1.0, 1.0]","[0.0, 1.1122997383661672, 0.6473101291601946]"
0,"[8.081887199167506, 3.646097001048518, 5.345564755060795, 10.0, 8.326738564115605, 4.892051024277874, 3.3037648904994428, 3.8909619196637673, 1e-06, 1e-06, 3.274465262874286, 2.8790349691073835, 3.0, 9.15265108334, 2.9006951419134728, 2.0, 2.4713338813993153]","[1254.0, 3000.0, 3000.0]","[41.21299361031787, 128.94805761125548, 352.5055986031199]","[0.0, 1.0, 1.0]","[0.0, 0.6327569220406727, 0.32540755666595145]"
0,"[0.0, 10.0, 9.44104362371673, 5.544455257245744, 7.515231399762727, 3.0, 10.0, 4.960061606282652, 0.190150862427927, 1e-06, 8.230099714373614, 10.0, 10.0, 10.0, 4.824153532639861, 10.0, 1.6587328085164958]","[834.0, 3000.0, 3000.0]","[43.51606834216049, 177.80290815107222, 382.4917571020831]","[0.0, 1.0, 1.0]","[0.0, 0.443027234539354, 0.14744726771758465]"
0,"[5.704900364042315, 0.5796377999809774, 0.0, 0.0, 10.0, 3.623927914319675, 1.8364006804015123, 6.130328401424922, 0.46898738877525636, 1e-06, 4.133489695496033, 1.7964327510467475, 3.0, 10.0, 8.270729738238579, 5.983339215340463, 7.728369663217523]","[762.0, 3000.0, 3000.0]","[43.01958697883805, 197.71254451994113, 370.6205147553786]","[0.0, 1.0, 1.0]","[0.0, 0.3743455456296194, 0.17001928485377968]"
0,"[5.524437553460227, 0.0, 0.0, 10.0, 6.2544873162139005, 4.545377493559931, 2.8597803129130632, 2.894469393280284, 1e-06, 1e-06, 3.0010695910123846, 4.949833348339983, 9.46771439291833, 7.09601824197802, 5.954030918999818, 6.221663935329709, 2.3409687578890517]","[1540.0, 3000.0, 3000.0]","[41.38393774537252, 257.3694896917759, 454.03822750097436]","[0.0, 1.0, 1.0]","[0.0, 0.012174544065736053, 0.01622023794993449]"
0,"[1.3287131920393556, 10.0, 5.928119533574526, 0.0, 10.0, 9.70713364803738, 0.0, 0.0, 0.999999, 1e-06, 10.0, 2.9357985662394, 9.729685768944663, 2.3045695005906772, 7.31646478941132, 2.3045695005906772, 7.31646478941132]","[2044.0, 3000.0, 3000.0]","[41.09427165846421, 254.17480549788544, 440.9097260892352]","[0.0, 1.0, 1.0]","[0.0, 0.058237438725379044, 0.06478561960650392]"
0,"[5.790996580616736, 1.0858695736284805, 0.0, 10.0, 5.270309284007075, 3.75127782797738, 0.0, 10.0, 1e-06, 1e-06, 1.6115742045033592, 6.05096838172792, 9.520942953626497, 7.828560453632212, 3.9947580469300568, 7.041641577648733, 2.2751917371927117]","[1503.0, 3000.0, 3000.0]","[41.730392915199715, 243.79697361968965, 439.5908457438404]","[0.0, 1.0, 1.0]","[0.0, 0.0812306741769735, 0.0684500273277465]"
0,"[7.851379928900662, 0.0, 9.559953494870998, 8.729716021271262, 4.092866182932057, 6.570602536149893, 4.408076655308672, 10.0, 1e-06, 1e-06, 5.447195785119675, 7.933750816218653, 7.971620560415728, 9.71430663097935, 9.1, 7.254908642901496, 2.595179844761342]","[3000.0, 3000.0, 3000.0]","[46.076972577945966, 241.36548409550062, 446.2207776180192]","[0.0, 0.8, 0.9333333333333333]","[0.0, 0.01053456012424206, 0.0473803295784003]"
0,"[3.4679550937564736, 1.3852701572675175, 5.179025087053807, 0.0, 9.628886504280779, 8.698365599879224, 3.553663700920478, 7.931493091891368, 0.999999, 1e-06, 10.0, 4.093244722230414, 8.291437028738105, 2.1935022390122993, 1.1789311157064173, 2.0, 1.0]","[1909.0, 3000.0, 3000.0]","[41.0080352139736, 259.9729235601847, 456.33841825350373]","[0.0, 1.0, 1.0]","[0.0, 0.005081094481015624, 0.006902151211850494]"
0,"[0.0, 10.0, 6.287362066555692, 10.0, 10.0, 9.260240056828174, 6.688678447272417, 5.303301869641558, 0.6927680190608384, 1e-06, 1e-06, 10.0, 5.778610115987015, 8.572533927341475, 10.0, 8.062720833443333, 5.426292606124903]","[1955.0, 3000.0, 3000.0]","[41.017616529104274, 135.75738673817847, 384.69401347072375]","[0.0, 0.4, 1.0]","[0.0, 1.8816461383238388, 0.5665708197660757]"
0,"[10.0, 7.985266569454284, 9.35670994272915, 4.843648664341758, 8.443360405717613, 6.645540171532172, 5.047101087449106, 10.0, 0.8273717368228262, 1e-06, 1.6112400857582507, 5.381387162307215, 6.368047818912329, 7.394379729626542, 6.29986317216196, 2.086946779152067, 1.0614183586329369]","[1672.0, 3000.0, 3000.0]","[40.97257827525485, 224.26333958664836, 431.3130080341925]","[0.0, 1.0, 1.0]","[0.0, 0.06719379864209138, 0.07108334532535909]"
0,"[0.0, 0.5586753342730786, 0.0, 3.2146008788606344, 7.447300100828004, 8.096708741204282, 7.2151954774867235, 0.0, 0.36649088818469167, 1e-06, 10.0, 6.4830907558565825, 3.0, 2.7049595167328775, 10.0, 2.7049595167328775, 10.0]","[2270.0, 3000.0, 3000.0]","[41.45928559300386, 143.39125627869785, 353.4286862576653]","[0.0, 1.0, 1.0]","[0.0, 0.9171328352335674, 0.6482271614920714]"
0,"[10.0, 3.8341141134658114, 7.209332330419964, 0.0, 10.0, 5.906581939886791, 2.606473796684737, 5.574250537613567, 0.23221913843242514, 1e-06, 7.675007500817583, 1e-06, 3.0, 8.622952510088535, 1.5192696669787762, 3.5795166865367047, 1.0]","[1266.0, 3000.0, 3000.0]","[40.87316260867923, 129.40942698748103, 361.44078160188764]","[0.0, 1.0, 1.0]","[0.0, 0.6013589626557154, 0.29927010245865815]"
0,"[8.72760889291109, 4.410558547871214, 10.0, 0.0, 6.265469681883172, 3.0, 10.0, 3.327406896764059, 0.999999, 1e-06, 10.0, 10.0, 10.0, 2.0, 1.0, 2.0, 1.0]","[1005.0, 3000.0, 3000.0]","[42.904292555021016, 263.4858000103616, 456.6289929889427]","[0.0, 1.0, 1.0]","[0.0, 0.006580672684718211, 0.00319327600392214]"
1,"[0.0, 10.0, 5.094750943074225, 7.1191496676545505, 3.890698607720475, 6.254224574413098, 10.0, 0.4669008092790976, 0.999999, 1e-06, 4.096562480234014, 9.642851702539925, 3.0, 3.2653538085761706, 7.091926304344994, 7.327920787129518, 4.780029399551006]","[3000.0, 3000.0, 3000.0]","[46.148998190835805, 159.58918285774968, 340.09137789794227]","[0.0, 0.0, 0.06666666666666665]","[0.0, 1.8479066452370008, 1.6730389206496799]"
1,"[2.010134466316455, 3.969904673475221, 0.0, 10.0, 9.094812025899724, 10.0, 0.0, 4.814320503224338, 1e-06, 1e-06, 1e-06, 1e-06, 4.598555837796918, 5.518299426952851, 3.6730732063163867, 2.0, 2.510514080752348]","[2296.0, 3000.0, 3000.0]","[41.39079393778878, 145.06889268011844, 373.34155079675054]","[0.0, 1.0, 1.0]","[0.0, 0.9220628471731747, 0.5830601477125187]"
1,"[10.0, 1.8447312664996733, 3.4785535850071962, 4.843648664341758, 5.607027184415395, 4.118098553580458, 3.1420807349327387, 10.0, 0.34946128672055693, 1e-06, 1e-06, 1e-06, 4.667164386614144, 10.0, 5.926872796212782, 2.3595807854666635, 3.343374714210286]","[1553.0, 3000.0, 3000.0]","[41.5506645199021, 133.73311746254532, 350.0698164802763]","[0.0, 1.0, 1.0]","[0.0, 0.8865513592392271, 0.48460265098305155]"
1,"[0.0, 8.411648883951749, 9.837816247340903, 7.348298226227861, 3.0, 3.0, 1.2904133863392717, 3.8297689157335544, 0.8948081792735911, 1e-06, 10.0, 10.0, 6.3084531162626085, 4.812032177081145, 1.970291370366696, 4.812032177081145, 1.970291370366696]","[2078.0, 2919.0, 3000.0]","[42.281909640501496, 139.41448520424996, 372.99520016080794]","[0.0, 0.6, 1.0]","[0.0, 1.408248811500917, 0.6434506561445374]"
1,"[10.0, 0.0, 10.0, 7.868774560044972, 3.0, 5.45612176166021, 3.826229028035307, 2.3730172768991915, 0.999999, 1e-06, 10.0, 2.2509655493065814, 3.0, 2.0, 2.753752908637316, 2.0, 2.5145862348936445]","[3000.0, 3000.0, 3000.0]","[51.571346155941896, 222.2343766126026, 424.5490754184718]","[0.0, 0.8, 1.0]","[0.0, 0.5344464335004675, 0.828282979669774]"
1,"[8.636177096056622, 4.329322923175038, 4.101669448938035, 9.774525751513348, 3.0, 8.455897987167646, 2.7820846006899718, 9.466206131714852, 0.6016179185395523, 1e-06, 0.02319113114908955, 0.8899534021455899, 4.8456573984492675, 4.634414691597816, 7.358930615647461, 3.6546062950991756, 4.876152525100057]","[3000.0, 3000.0, 3000.0]","[69.78709793019208, 194.6987578451582, 381.64578582634186]","[0.0, 0.0, 0.06666666666666665]","[0.0, 2.0014563224481243, 1.857059524725583]"
1,"[1.4968886867508582, 6.998737278093459, 4.394408106291569, 10.0, 10.0, 7.221810848802159, 10.0, 4.908944786803857, 0.1392633129685017, 1e-06, 1e-06, 4.0510547885738015, 10.0, 10.0, 10.0, 10.0, 6.748164149000791]","[1541.0, 3000.0, 3000.0]","[40.79359303378102, 114.098363181818, 381.03580958597394]","[0.0, 0.19999999999999996, 1.0]","[0.0, 1.9938040058652273, 0.5628089631289775]"
1,"[0.0, 6.08098587869489, 2.551701751014519, 1.5484313404964682, 7.919832108021226, 3.0, 6.693341585320612, 5.217192001145196, 0.7985171108713648, 1e-06, 6.277052683737243, 10.0, 8.71714101262002, 2.8417769018568517, 1.0, 2.5283716505115037, 1.0]","[790.0, 3000.0, 3000.0]","[43.72879020332044, 124.06809632484925, 359.9368184549251]","[0.0, 1.0, 1.0]","[0.0, 0.4433798332334179, 0.18470110301126805]"
1,"[10.0, 1.0269580479714548, 5.4914564268404, 0.0, 5.577696812781423, 5.91960953057525, 9.623493831614987, 2.444459841265952, 0.999999, 1e-06, 7.866446149737202, 5.043224636941246, 4.582825309699416, 2.6559766161671803, 5.778849441030625, 2.0, 5.778849441030625]","[2215.0, 3000.0, 3000.0]","[41.60503610979314, 240.56004148191292, 447.27996476732096]","[0.0, 0.8, 1.0]","[0.0, 0.008411979310596365, 0.16547179105948154]"
1,"[0.0, 10.0, 10.0, 10.0, 3.1505122554632585, 6.672236568088237, 7.33994675795952, 2.635178694292078, 0.4234435791190134, 1e-06, 2.413837923615673, 7.9981377972836105, 4.146816132336854, 6.89976666138792, 10.0, 6.89976666138792, 5.9359954585037205]","[3000.0, 3000.0, 3000.0]","[58.13408825462797, 188.187152802514, 414.4651945185995]","[0.0, 0.0, 0.0]","[0.0, 2.0669234642684695, 0.9587169028368823]"
1,"[10.0, 7.500800390358238, 5.959779566056335, 3.670157103357102, 3.0, 3.0, 6.058070498596842, 9.794852750852392, 1e-06, 1e-06, 5.563250563426577, 1e-06, 7.296437565343915, 10.0, 1.0, 7.416015817771409, 2.5021707836646616]","[2078.0, 3000.0, 3000.0]","[42.281909640501496, 206.53085685355262, 393.26836979619327]","[0.0, 1.0, 1.0]","[0.0, 1.0006571706405303, 0.44456073283981307]"
1,"[4.48178331426437, 0.29316469126683664, 0.0, 4.71145064199414, 8.411573996175743, 8.760357144304015, 0.0, 10.0, 0.4955858838495672, 1e-06, 1e-06, 1e-06, 3.80342802108795, 3.6037643647880344, 10.0, 6.571842356217584, 10.0]","[2182.0, 3000.0, 3000.0]","[41.30784395420556, 146.21845955911988, 385.1413568286308]","[0.0, 1.0, 1.0]","[0.0, 0.8459103592222406, 0.46731017066931946]"
1,"[10.0, 0.0, 1.1677524614597266, 1.1150233069437603, 10.0, 7.645467460165348, 6.847656410376761, 0.0, 0.2844703843620593, 1e-06, 5.05312486811483, 3.423292651855167, 5.926800338938181, 6.601576471121954, 6.219471884319698, 3.2740383645854583, 3.8879225352872377]","[1629.0, 3000.0, 3000.0]","[40.79629758545388, 237.9776175188608, 453.80205207894136]","[0.0, 1.0, 1.0]","[0.0, 0.0073796163098531495, 0.010077788129567248]"
1,"[0.8765786943703224, 9.220521803674396, 3.002742158497696, 9.03493791467162, 4.924840159691083, 5.277094904845498, 4.317019235507128, 0.44012867684622226, 0.7720515036650712, 1e-06, 3.310527827917768, 9.190578885564587, 8.320836686721057, 2.4442615280788953, 1.17622729381607, 2.4442615280788953, 1.17622729381607]","[2233.0, 3000.0, 3000.0]","[41.71654505027903, 169.66483710563773, 412.7001063320327]","[0.0, 1.0, 1.0]","[0.0, 0.4118524822495909, 0.24787621586853759]"
1,"[9.828989844213684, 5.502893663116225, 3.9555054811784442, 8.743299217580075, 4.853511681359752, 3.9016823528956324, 4.109215995004398, 2.894469393280284, 0.6672453949861749, 1e-06, 2.470760144359873, 5.858372331685517, 8.384617735220598, 5.798843423993221, 2.6239077739455814, 2.1931805123963084, 1.0]","[1693.0, 3000.0, 3000.0]","[41.68357917737876, 258.1852322807113, 447.203329793176]","[0.0, 1.0, 1.0]","[0.0, 0.01030484373437278, 0.013513511870165244]"
1,"[0.9126064674132719, 0.0, 0.8062238513650712, 5.219512181948628, 5.5958085482872395, 6.365561923201051, 2.250344805531303, 10.0, 1e-06, 1e-06, 2.0555907340120076, 5.696100192307175, 5.197245062538013, 10.0, 9.81016579325276, 10.0, 9.81016579325276]","[2364.0, 3000.0, 3000.0]","[41.72117406507102, 140.9910346282586, 378.76543265657483]","[0.0, 0.8, 1.0]","[0.0, 1.9930602376945419, 0.5979675981076925]"
1,"[4.747484587448786, 0.7816590847055904, 5.553483544831582, 7.3634002565679655, 10.0, 3.4989609054719235, 4.091580847645828, 5.8526052419038335, 1e-06, 1e-06, 6.332962687571745, 4.850470655591744, 8.393298810895027, 9.15265108334, 1.0, 2.0, 1.0]","[734.0, 3000.0, 3000.0]","[43.285251468650685, 235.03648714304433, 444.6314476393818]","[0.0, 1.0, 1.0]","[0.0, 0.008292755511746167, 0.02381781913295643]"
1,"[9.179358754814594, 9.47482759079119, 0.0, 0.9620465954565702, 6.531299545338527, 3.0, 10.0, 2.737578177651696, 1e-06, 1e-06, 8.789651257115652, 8.706119928025409, 9.828089243036931, 7.643137814787456, 1.0, 6.965003278707506, 5.078375045371206]","[963.0, 3000.0, 3000.0]","[43.039676010337274, 259.90619029763707, 456.0819690968374]","[0.0, 1.0, 1.0]","[0.0, 0.00633075256861841, 0.007258418417448612]"
1,"[0.0, 9.38694927764293, 3.8239579492143854, 7.387994155118424, 3.0, 5.839974241269534, 2.9169562836156104, 3.777318366175171, 0.999999, 1e-06, 8.165641417745476, 10.0, 7.129909999932329, 2.0, 9.909142690601188, 2.0, 9.909142690601188]","[3000.0, 3000.0, 3000.0]","[54.52274962551383, 220.18996838558053, 446.5695756947946]","[0.0, 1.0, 1.0]","[0.0, 0.7444163272243708, 0.23990315057023842]"
1,"[10.0, 0.3254276712784113, 0.0, 0.0, 10.0, 3.6576571021164623, 8.216468292225851, 3.894712734745836, 0.6307267403378312, 1e-06, 8.816244545889427, 6.290934983768313, 9.694135971578874, 4.286858536576695, 1.3133948431752973, 2.0, 1.3133948431752973]","[770.0, 3000.0, 3000.0]","[42.927769793593384, 264.7429267351405, 457.1605085800939]","[0.0, 1.0, 1.0]","[0.0, 0.004199327361708308, 0.0031612094796710554]"
1,"[9.743621790975787, 6.100131472519598, 10.0, 0.0, 10.0, 5.38401706384673, 0.0, 8.586154219718665, 1e-06, 1e-06, 3.5072035162180883, 4.889058277817373, 7.618599263304321, 9.311851437606169, 2.4760248738155846, 2.5883692700262135, 2.4760248738155846]","[1154.0, 3000.0, 3000.0]","[41.033493245860186, 232.65914667900876, 440.78205720208246]","[0.0, 1.0, 1.0]","[0.0, 0.012123454075482792, 0.03346229658898353]"
1,"[6.895457889628215, 10.0, 10.0, 1.3557306110425003, 9.43947798495891, 7.2997248873842775, 7.66381542889709, 0.44213630895230205, 0.7548748508808113, 1e-06, 6.837236927007294, 2.1904850960937337, 10.0, 9.683079227100254, 4.181076858640216, 7.177982451179694, 3.413018221327444]","[1646.0, 2382.0, 3000.0]","[40.85451360780688, 189.51611984186428, 438.3680969348271]","[0.0, 0.6, 1.0]","[0.0, 0.31525534677109646, 0.058029254847265926]"
1,"[3.557536234305494, 3.8052380214622943, 9.11997883262647, 10.0, 10.0, 3.0, 8.314594590717807, 5.962601848697353, 0.0961799739889353, 1e-06, 2.2656856304779036, 5.365423590032569, 10.0, 9.906955532976193, 1.0, 4.440942547152284, 1.0]","[622.0, 3000.0, 3000.0]","[44.70731826961107, 121.68749773711133, 404.5684619597508]","[0.0, 1.0, 1.0]","[0.0, 0.22296759448879494, 0.10373543274358475]"
1,"[10.0, 0.0, 8.23874316801314, 9.290171728394899, 9.253921521297583, 3.0, 3.1562181250367347, 9.07958782120197, 1e-06, 1e-06, 1.9064912485524461, 1.7726838191108123, 8.786078479679642, 6.599032559427151, 1.0, 2.0, 1.2177640514949788]","[673.0, 3000.0, 3000.0]","[44.388971784901415, 181.80448961147968, 433.9253395234568]","[0.0, 1.0, 1.0]","[0.0, 0.09082740423552069, 0.042374088521942584]"
1,"[5.843850072614058, 7.90564581526349, 10.0, 9.302926823637986, 10.0, 3.851495234472843, 3.4522137576225966, 1.206097580978982, 0.17425787514992194, 1e-06, 6.8086319112411156, 1e-06, 4.8929266730412335, 7.908769828455483, 1.0, 2.0, 1.0]","[814.0, 3000.0, 3000.0]","[42.54584888037731, 123.86097910569923, 353.48149223941874]","[0.0, 1.0, 1.0]","[0.0, 0.35858317716778965, 0.198927138808787]"
1,"[0.3536827241758065, 0.0, 0.0, 10.0, 3.0, 3.3056881045094215, 8.689304089113147, 3.3419436206915667, 0.4247205189850106, 1e-06, 2.9330467568984444, 7.105976530904767, 8.888901111958537, 5.02146683493246, 8.430797368557753, 5.02146683493246, 3.42092109027009]","[2282.0, 3000.0, 3000.0]","[42.2542372749908, 150.25932216977813, 382.7990030748426]","[0.0, 0.6, 1.0]","[0.0, 1.6910917569859678, 1.048454134249097]"
1,"[2.7680560167011916, 0.39037227119578777, 10.0, 3.066275018656964, 8.013917900645868, 5.615923745898112, 0.0, 9.444876559839221, 0.999999, 1e-06, 5.655103797372611, 2.164492964777131, 3.0, 2.881833225770971, 1.4673427002808985, 2.0, 1.0]","[1492.0, 3000.0, 3000.0]","[41.0556610730146, 131.697821983114, 350.49507666312246]","[0.0, 1.0, 1.0]","[0.0, 0.5792333931109623, 0.34533933259441923]"
1,"[9.772233448828269, 0.0, 7.889301584504826, 7.20759846397741, 5.670500871958571, 7.070506455250833, 10.0, 0.18456553595068126, 0.8602205368786238, 1e-06, 4.994283210857793, 7.4179362423545046, 4.424542778729474, 9.152701667995887, 6.58934393046452, 2.0, 6.58934393046452]","[2576.0, 3000.0, 3000.0]","[41.89266440702274, 243.89939232942217, 451.221690800466]","[0.0, 0.8, 1.0]","[0.0, 0.02721159353877739, 0.06278199478049548]"
1,"[3.2634838638593404, 0.0, 7.889301584504826, 2.6607736818142733, 5.201225779764732, 7.35460626650589, 5.341575744292385, 3.9894816387753043, 0.9687570219993484, 1e-06, 8.823158067154989, 6.468754350539006, 4.424542778729474, 4.441212489792562, 1.020951838607771, 2.0, 1.020951838607771]","[2893.0, 3000.0, 3000.0]","[42.24360745915292, 223.92005728101606, 441.68735060849025]","[0.0, 1.0, 1.0]","[0.0, 0.2127224082797221, 0.03722171612627439]"
1,"[10.0, 7.661567503300045, 0.6389340990610964, 5.3213303933641525, 5.130323910484378, 3.0, 10.0, 9.609825873056018, 1e-06, 1e-06, 1.2397673342980777, 10.0, 7.136130481333453, 10.0, 3.7323811306144736, 3.4155981828727313, 3.544358948347382]","[1229.0, 3000.0, 3000.0]","[42.48323800079307, 129.38210121779878, 379.84717678027476]","[0.0, 1.0, 1.0]","[0.0, 0.6058113719655353, 0.31685576775314295]"
1,"[10.0, 5.97184520824065, 10.0, 0.0, 10.0, 3.0, 4.905705764928761, 5.811623243205938, 0.4050911713005817, 1e-06, 10.0, 0.3995956930201154, 3.0425423471327693, 10.0, 1.0, 4.575892877254763, 1.0]","[622.0, 3000.0, 3000.0]","[44.70731826961107, 122.10233699236105, 375.8439463934894]","[0.0, 1.0, 1.0]","[0.0, 0.33294909468618766, 0.1625599584553725]"
1,"[10.0, 1.8921581689504148, 9.039651194508746, 0.0, 5.4028787423054885, 3.0, 2.859391085548281, 7.24133585281472, 0.5002653539300554, 1e-06, 10.0, 0.3995956930201154, 3.0, 4.084719465392673, 1.0, 2.0, 1.0]","[1167.0, 3000.0, 3000.0]","[42.57026328510589, 128.7566204210013, 355.3883455392406]","[0.0, 1.0, 1.0]","[0.0, 0.45791986830034087, 0.28410796627998325]"
1,"[6.801265849207587, 5.467014400788628, 5.175908915790982, 0.0, 10.0, 3.0, 0.4909575097838992, 6.334537241996668, 1e-06, 1e-06, 5.575163094598687, 1e-06, 3.0, 10.0, 1.0851715967226223, 6.400745787508124, 1.0]","[622.0, 3000.0, 3000.0]","[44.70731826961107, 122.46600139325261, 361.9931530371856]","[0.0, 1.0, 1.0]","[0.0, 0.3290416755600001, 0.1653395465309254]"
1,"[2.10696199816968, 3.308039514809283, 5.747213901989997, 1.7648552556634176, 3.0, 4.0405557898050315, 0.0, 10.0, 0.5362652059591881, 1e-06, 1.020872018034181, 8.82952147544667, 3.0, 7.183005399519179, 5.655833200118121, 6.301177842670403, 3.8695360231632803]","[2758.0, 3000.0, 3000.0]","[42.46185276273457, 191.07837042499096, 402.052172037167]","[0.0, 1.0, 0.9333333333333333]","[0.0, 1.0287902125200887, 0.6261689716246986]"
1,"[0.7436217909757872, 10.0, 8.096876751388836, 6.407234700889096, 4.501628746948428, 5.696895434920407, 6.654173582983737, 3.9895394642176427, 0.6910028754108174, 1e-06, 0.2866029976928761, 10.0, 7.618599263304321, 4.490012606245041, 7.491415847445181, 4.490012606245041, 5.8780513334114906]","[2609.0, 3000.0, 3000.0]","[42.051641309020894, 167.79875889492263, 408.1710138692874]","[0.0, 0.6, 0.8666666666666667]","[0.0, 1.4810419582776801, 1.2297437193217022]"
1,"[10.0, 8.043571080836719, 10.0, 0.0, 10.0, 4.835847386951668, 0.0, 5.906692300599302, 0.5840284085373456, 1e-06, 9.39739360746762, 1e-06, 3.693734563946539, 10.0, 1.0, 2.2426625742878845, 1.0]","[1034.0, 3000.0, 3000.0]","[41.36153802679155, 126.61043834063578, 366.60064414318975]","[0.0, 1.0, 1.0]","[0.0, 0.5543673538517555, 0.2427874574798936]"
1,"[1.0, 1.7607860272469533, 0.0, 10.0, 7.650447694308658, 6.9819534028888555, 10.0, 2.937590637599604, 0.8643496412213061, 1e-06, 1.5423466532791412, 10.0, 5.741623477134684, 7.426717637535278, 9.6830121065366, 7.426717637535278, 5.566675452049013]","[1924.0, 3000.0, 3000.0]","[41.18683763339177, 134.4047384300064, 377.7509232728228]","[0.0, 0.6, 1.0]","[0.0, 1.8698119940192404, 0.7768793684613482]"
1,"[6.021736968738527, 4.595751248360843, 0.0, 10.0, 3.0, 3.0, 6.696356427271086, 6.61201906429284, 1e-06, 1e-06, 5.345260471328757, 4.826466171693117, 9.564512818787751, 7.465710334714651, 4.548731634402204, 7.465710334714651, 1.0]","[2078.0, 3000.0, 3000.0]","[42.281909640501496, 257.8647513546883, 447.5800746192724]","[0.0, 1.0, 1.0]","[0.0, 0.02139354465198959, 0.01467880218095341]"
1,"[10.0, 1.0537907536790267, 10.0, 3.6560000847860374, 10.0, 4.619602849154632, 4.68019503799968, 7.129808960523222, 0.16268523252087816, 1e-06, 8.489785676093744, 1e-06, 7.592872959385354, 6.512403902147762, 1.0, 6.379895638533032, 1.0]","[986.0, 3000.0, 3000.0]","[41.549497599464424, 198.80595540179493, 366.56093660679755]","[0.0, 1.0, 1.0]","[0.0, 0.3866528269821338, 0.2518457874864191]"
1,"[0.0, 0.5796377999809774, 8.706149368407702, 10.0, 10.0, 4.148964548324254, 0.0, 9.41908391498656, 0.4090562367030204, 1e-06, 1.7458964071261525, 1.7964327510467475, 3.0, 10.0, 9.943116800124711, 10.0, 4.6584871255674125]","[881.0, 3000.0, 3000.0]","[42.080353723438066, 173.1942729774854, 389.74834269215904]","[0.0, 1.0, 1.0]","[0.0, 0.475023780170823, 0.26171897537096883]"
1,"[10.0, 7.98678290144454, 10.0, 0.0, 10.0, 3.0, 4.119004443533024, 0.33228098624501723, 0.6321057009810932, 1e-06, 8.283365352155139, 4.231657957382218, 3.0, 10.0, 1.501435017927255, 10.0, 1.501435017927255]","[622.0, 3000.0, 3000.0]","[44.70731826961107, 211.54165330460393, 430.541970255456]","[0.0, 1.0, 1.0]","[0.0, 0.377741344785377, 0.023234521914548577]"
1,"[5.0657669736970306, 9.509128071460548, 7.833086501484839, 0.38026753452336537, 10.0, 10.0, 4.877110329763785, 2.5152143248173626, 0.23070852172417014, 1e-06, 7.072177544749937, 0.8449975817148673, 3.963079209608562, 10.0, 5.288564005635623, 6.817443967330114, 1.0752501269712902]","[2102.0, 3000.0, 3000.0]","[41.147876524734784, 205.4803787971379, 378.9222672283371]","[0.0, 1.0, 1.0]","[0.0, 0.9357143563505441, 0.5318748475963417]"
1,"[5.272736128703907, 1.4510621049265247, 5.998135190348424, 6.6270602309111695, 10.0, 3.0, 7.801427206414269, 0.2836026334190952, 0.10648103329748215, 1e-06, 1.6115742045033592, 8.597080647414789, 7.22960782225364, 9.237385975006001, 1.501435017927255, 9.237385975006001, 1.501435017927255]","[622.0, 3000.0, 3000.0]","[44.70731826961107, 200.60123559966252, 395.0472251901834]","[0.0, 1.0, 1.0]","[0.0, 0.3325965410154603, 0.14418891464911326]"
1,"[4.229827535697938, 3.562376167505199, 10.0, 2.1521974743997503, 8.185971429066777, 8.131416979532286, 0.0, 5.859378936584148, 0.999999, 1e-06, 1.3049003085115545, 1e-06, 3.0, 2.0, 9.64108599506218, 2.0, 1.3927028223447566]","[2086.0, 3000.0, 3000.0]","[41.25319620377398, 153.4699309638347, 383.28132441194634]","[0.0, 1.0, 1.0]","[0.0, 0.7479229998190842, 0.39914508363841195]"
1,"[1.1370262509574625, 2.4295160044434256, 0.0, 4.390052572644309, 10.0, 10.0, 10.0, 1.8565098454813591, 0.14346400364045975, 1e-06, 1e-06, 6.035963321275258, 5.43512261639503, 10.0, 10.0, 6.678526402197215, 7.152160654553391]","[2102.0, 3000.0, 3000.0]","[41.147876524734784, 204.13862735141868, 377.78369063583165]","[0.0, 1.0, 1.0]","[0.0, 1.0220936154496558, 0.5219353146990071]"
1,"[0.0, 9.857450866268982, 7.003194894451437, 5.385628741127254, 8.734837956540913, 6.6195871692870645, 3.6907372962305067, 10.0, 1e-06, 1e-06, 6.049628941872038, 10.0, 10.0, 8.99261529557902, 7.018776683771076, 7.093081245989914, 1.0470284713399454]","[1612.0, 3000.0, 3000.0]","[40.94207690084729, 135.41579661726107, 375.55874026496696]","[0.0, 1.0, 1.0]","[0.0, 0.9233829592811184, 0.41712202776838836]"
1,"[0.0, 5.517501801501649, 0.0, 9.280038354196341, 3.4254515056669614, 6.532478883996052, 10.0, 3.755094789467998, 0.4378127497965839, 1e-06, 6.338791636291947, 8.715866394074691, 7.447908096787, 8.261370475347869, 10.0, 8.261370475347869, 8.093053594549135]","[3000.0, 3000.0, 3000.0]","[53.58382063447815, 213.7355808568371, 394.60725315145805]","[0.0, 0.6, 0.8666666666666667]","[0.0, 2.550568470610169, 1.5124716279434682]"
1,"[8.436049590683602, 3.8968905480350102, 0.0, 10.0, 7.564275385747143, 7.200279532699931, 0.0, 7.224957331907533, 0.4985868909208832, 1e-06, 1e-06, 4.462131460810489, 4.788426000131373, 8.16459410672621, 2.911653549698568, 4.904743848461989, 1.0]","[2003.0, 3000.0, 3000.0]","[41.2324985050872, 139.7051172754666, 361.71647346282083]","[0.0, 1.0, 1.0]","[0.0, 1.0406483596404124, 0.49738833226429424]"
1,"[1.914924111191569, 0.13102736640346135, 7.209332330419964, 8.35665530182555, 3.0, 3.0, 10.0, 1.8042857082620918, 0.999999, 1e-06, 10.0, 10.0, 6.11180680794058, 3.4631476417330713, 5.548478538636859, 3.4631476417330713, 2.1851605424225395]","[2078.0, 2489.0, 3000.0]","[42.281909640501496, 232.63055557931645, 455.44961044614683]","[0.0, 0.8, 1.0]","[0.0, 0.11636208956249647, 0.010364137938245506]"
1,"[2.8274203712513764, 10.0, 4.695176443113719, 2.2166012590068394, 3.293218711536076, 3.0, 0.0, 3.0993354354289147, 0.8109412638632583, 1e-06, 9.681329035219425, 5.008458005810813, 3.0, 2.0, 1.0, 2.0, 1.0]","[1900.0, 3000.0, 3000.0]","[42.22050217722429, 208.53597058325855, 429.3121709847849]","[0.0, 1.0, 1.0]","[0.0, 0.4312385863928873, 0.11338650547701076]"
2,"[0.0, 1.8229074605836217, 3.6611166640701143, 10.0, 8.23667177447796, 6.21207301071487, 10.0, 3.026352613841911, 0.5764208169951088, 1e-06, 1e-06, 10.0, 9.14540868242749, 8.266496641545677, 10.0, 8.266496641545677, 8.966217655052452]","[1604.0, 3000.0, 3000.0]","[40.987530326568724, 155.19310407329885, 358.36698785540733]","[0.0, 0.4, 0.5333333333333333]","[0.0, 1.6019880743522166, 0.8120096116948533]"
2,"[0.0, 2.8711510392538235, 0.0, 10.0, 5.637188392549607, 8.02501388570948, 10.0, 6.460451468321843, 0.3072814718832654, 1e-06, 1e-06, 8.095250603516924, 10.0, 6.2673895531939205, 10.0, 2.1672777053052794, 5.166623335808332]","[2911.0, 3000.0, 3000.0]","[42.24100692648302, 157.5229640263369, 365.4150102372216]","[0.0, 0.8, 1.0]","[0.0, 1.6518247515354207, 1.0059398044755803]"
2,"[4.070587265739324, 10.0, 2.3894551049065775, 10.0, 6.739149689399296, 4.530772106203595, 8.718335365843696, 1.4138612782897373, 1e-06, 1e-06, 6.485549954769597, 1e-06, 9.166538305380437, 10.0, 4.864776464300153, 6.47323331760202, 1.0]","[1428.0, 3000.0, 3000.0]","[41.35886536917469, 130.96900868451493, 378.34533932171433]","[0.0, 1.0, 1.0]","[0.0, 0.8017899706187048, 0.3363326377741724]"
2,"[1.1451519963800183, 10.0, 2.204193416522588, 10.0, 3.0, 6.672236568088237, 5.036303185230606, 3.9800703492440634, 1e-06, 1e-06, 0.30400735503735055, 2.173788037284444, 3.0, 10.0, 10.0, 10.0, 5.9359954585037205]","[3000.0, 3000.0, 3000.0]","[60.228415160612116, 184.9146633756065, 397.75810003758926]","[0.0, 0.0, 0.4666666666666667]","[0.0, 2.2245902830376307, 0.8899566370104651]"
2,"[1.652522768161085, 10.0, 1.3379926850250978, 5.255534136501087, 6.183622540942628, 3.0, 10.0, 0.7595477510576849, 0.3780658918378234, 1e-06, 7.676301358636078, 1e-06, 9.55481426445991, 7.851649603274947, 4.696202312240222, 2.0, 1.0]","[1018.0, 3000.0, 3000.0]","[42.890462377623535, 127.82693966457616, 363.4575110545805]","[0.0, 1.0, 1.0]","[0.0, 0.569001234065654, 0.25758788820963857]"
2,"[5.803001406177814, 9.432118144055924, 1.2171916989365203, 5.0099902684788304, 10.0, 6.263575543257673, 6.428654995256669, 7.078135465968828, 1e-06, 1e-06, 1e-06, 1e-06, 9.577207189018564, 10.0, 4.199753511979475, 10.0, 4.199753511979475]","[1341.0, 3000.0, 3000.0]","[40.83188916279252, 200.99189665512552, 398.2524777424905]","[0.0, 1.0, 1.0]","[0.0, 0.7898190333912798, 0.1705825721940687]"
2,"[7.749259571162842, 3.095758686141729, 9.076094185444186, 4.6097421969978045, 10.0, 3.0, 3.2881226970093635, 0.4060077701400051, 0.999999, 1e-06, 7.293285051159037, 9.151843111581883, 3.0, 10.0, 3.6090416043412934, 10.0, 1.7056799312788362]","[622.0, 3000.0, 3000.0]","[44.70731826961107, 211.88037855928297, 420.63269630995393]","[0.0, 1.0, 1.0]","[0.0, 0.07793840349926463, 0.036006315557792754]"
2,"[1.8686238517356135, 5.7019720454153555, 2.796932717831639, 0.0, 10.0, 3.4989609054719235, 1.6928462939182758, 3.3820597206190612, 1e-06, 1e-06, 9.634767349013362, 3.255056118392013, 3.18582817918335, 8.116821201552442, 1.0766544370503601, 2.0, 1.0]","[734.0, 3000.0, 3000.0]","[43.285251468650685, 178.83901978854354, 399.6457026250736]","[0.0, 1.0, 1.0]","[0.0, 0.26925413060852904, 0.10602875254216199]"
2,"[10.0, 2.7683349764136764, 0.5889029739912222, 0.0, 10.0, 6.473903565549673, 0.5129875176444498, 0.0, 1e-06, 1e-06, 4.355944910543844, 5.043224636941246, 4.220515719285865, 2.0, 1.0, 2.0, 1.0]","[1386.0, 3000.0, 3000.0]","[40.78805038217212, 212.02015600796838, 441.4616805720419]","[0.0, 1.0, 1.0]","[0.0, 0.1681633034981418, 0.023435801867909382]"
2,"[8.351361733534517, 10.0, 0.965876387647012, 0.0, 9.955276495135097, 7.076657675153789, 0.0, 8.845063927297778, 0.26929744289493124, 1e-06, 4.9786311949379, 4.884942872214119, 5.491552224888066, 2.0, 7.979505852423224, 2.0, 7.376883546844274]","[1518.0, 3000.0, 3000.0]","[40.781281227042435, 232.95968954194993, 441.54749116691534]","[0.0, 1.0, 1.0]","[0.0, 0.014728513818830426, 0.022463717621083467]"
2,"[5.475044414541029, 4.553419866396108, 0.0, 5.423463174010285, 7.649324657774582, 5.76954605433985, 2.5142699109834843, 7.439553238412975, 1e-06, 1e-06, 5.663419930323958, 1e-06, 8.659244971614408, 8.23447235468093, 1.0, 2.0, 1.0]","[1602.0, 3000.0, 3000.0]","[41.086714565509645, 134.18273975415138, 363.11548703360916]","[0.0, 1.0, 1.0]","[0.0, 0.7982419539119913, 0.34976711025061985]"
2,"[3.3599778877413122, 0.0, 3.6158831294153124, 7.946495093895176, 6.481030156462206, 5.369241026457572, 4.269091614011047, 10.0, 1e-06, 1e-06, 3.447220534514683, 5.421415291799308, 9.211510173955404, 8.091843387125365, 3.7923378346391328, 6.571842356217584, 3.7923378346391328]","[1751.0, 3000.0, 3000.0]","[41.272657810807495, 224.42700097614656, 429.8400857304612]","[0.0, 1.0, 1.0]","[0.0, 0.14599081173182055, 0.11845748380993613]"
2,"[10.0, 5.067453193662216, 9.588902973991223, 3.029981013273942, 4.683579564638851, 6.1435705478854645, 4.661059879582755, 0.0, 0.20402547865357415, 1e-06, 8.760142292652699, 10.0, 10.0, 2.0, 1.0, 2.0, 1.0]","[2698.0, 3000.0, 3000.0]","[42.1052384613469, 264.62091057274307, 456.7633007904261]","[0.0, 1.0, 1.0]","[0.0, 0.004076969679384238, 0.0051024644211141975]"
2,"[10.0, 9.220521803674396, 7.741977420795473, 8.31696232103418, 3.0, 7.548804123134305, 4.158240165367506, 10.0, 0.999999, 1e-06, 1e-06, 1e-06, 3.0, 3.3545428583254573, 9.653863151109846, 3.3545428583254573, 5.336278908525066]","[3000.0, 3000.0, 3000.0]","[65.32554717438802, 190.81338388298073, 397.5181306749447]","[0.0, 0.0, 0.8]","[0.0, 1.829677059586027, 1.3762386674002576]"
2,"[10.0, 0.0, 4.3912235655025755, 0.0, 3.0, 3.0, 5.754577596479075, 8.089559722611057, 0.8600423304801179, 1e-06, 10.0, 1e-06, 3.1708895009213496, 7.545968468921251, 1.0, 2.271587069068452, 1.0]","[2078.0, 3000.0, 3000.0]","[42.281909640501496, 141.91144852924887, 366.4072794511551]","[0.0, 1.0, 1.0]","[0.0, 1.0867001406127352, 0.47312315950400663]"
2,"[0.0, 10.0, 10.0, 10.0, 3.0, 9.385358087462834, 4.4777981616638, 10.0, 1e-06, 1e-06, 1e-06, 4.292705545448128, 3.0, 10.0, 10.0, 10.0, 10.0]","[3000.0, 3000.0, 3000.0]","[73.66731319277956, 214.97618779176358, 436.7525873100515]","[0.0, 0.0, 0.8666666666666667]","[0.0, 1.959500281306796, 0.6888633066625174]"
2,"[4.707177295677688, 0.0, 0.0, 3.9343297504950003, 10.0, 3.0, 8.389207315921642, 6.125529947665633, 0.48286229421498333, 1e-06, 8.71060633978045, 1.8635988653716504, 9.010211494332513, 7.996329818215119, 9.429964162229954, 3.854034174665288, 1.0]","[622.0, 953.0, 3000.0]","[44.70731826961107, 212.3118314060365, 446.94474212559396]","[0.0, 0.8, 1.0]","[0.0, 0.14787684266512835, 0.008046444396481712]"
2,"[10.0, 3.736935554699895, 10.0, 0.0, 10.0, 6.392922677790645, 0.0, 10.0, 1e-06, 1e-06, 7.719867567045639, 1e-06, 9.828089243036931, 9.912296468240918, 2.6526318043979584, 3.100558615401573, 1.0]","[1369.0, 3000.0, 3000.0]","[40.79476036678997, 130.8270612807207, 371.505105722387]","[0.0, 1.0, 1.0]","[0.0, 0.7139903863019917, 0.30175199339255443]"
2,"[8.132150193951942, 0.0, 0.0, 6.063075109519208, 8.403412668215982, 3.93401645736078, 10.0, 1.395270769821324, 0.999999, 1e-06, 6.701090192666864, 6.128139951186585, 5.751718335392834, 4.30280493363373, 2.5346350013299768, 3.6846968749741587, 1.1920046536698257]","[993.0, 3000.0, 3000.0]","[42.01820934758686, 238.1219931079392, 454.8301743375017]","[0.0, 1.0, 1.0]","[0.0, 0.005286927055168461, 0.006628332337798565]"
2,"[4.042467158408912, 0.0, 0.0, 5.4831082835540546, 10.0, 3.0, 4.665548747964601, 4.091895141290634, 0.3375833360207645, 1e-06, 9.29270897345452, 7.096543616812417, 7.547779632056737, 9.867906314380226, 1.1538633709881703, 4.452760409090471, 1.0]","[622.0, 3000.0, 3000.0]","[44.70731826961107, 236.34159826834173, 445.8059863138644]","[0.0, 1.0, 1.0]","[0.0, 0.006951807993855617, 0.012823367415252284]"
2,"[6.5623812411648785, 0.0, 4.221037371186036, 10.0, 10.0, 5.38401706384673, 5.9839665489342675, 2.7499275906385754, 1e-06, 1e-06, 1e-06, 10.0, 10.0, 10.0, 4.9198975284125535, 10.0, 1.0]","[1154.0, 3000.0, 3000.0]","[41.033493245860186, 200.0303020369556, 377.2266432034123]","[0.0, 1.0, 1.0]","[0.0, 0.6960182576831145, 0.2482366660214162]"
2,"[10.0, 3.973210805261814, 9.369671393067433, 8.686550898711026, 10.0, 8.814596090176623, 2.3954470409895885, 4.66940887683052, 0.5236199859674864, 1e-06, 1e-06, 2.8966000724718812, 4.296450254974888, 8.169873410280982, 6.743971792782389, 6.401639093851596, 4.201942679222513]","[1866.0, 3000.0, 3000.0]","[40.94074269136195, 127.69366945798765, 338.82945037734135]","[0.0, 0.4, 1.0]","[0.0, 1.8888176812617803, 0.953360369990538]"
2,"[7.707533237544897, 3.2697112796689543, 4.221037371186036, 10.0, 10.0, 7.036279712103231, 0.0, 5.071284454090295, 1e-06, 1e-06, 1e-06, 1.0000008999999999, 4.324361107551884, 10.0, 4.9198975284125535, 10.0, 2.7724220497348244]","[1503.0, 3000.0, 3000.0]","[40.77896875207222, 131.72186250200048, 348.6465940656201]","[0.0, 1.0, 1.0]","[0.0, 0.7601336666385732, 0.4332180307318602]"
2,"[10.0, 5.322203426598842, 0.5889029739912222, 0.0, 10.0, 6.242701460326173, 0.0, 0.0, 1e-06, 1e-06, 5.23160680248856, 1e-06, 8.786078479679642, 7.036429737631238, 1.0, 2.809413297210821, 1.0]","[1337.0, 3000.0, 3000.0]","[40.822346326720336, 133.09369580006856, 369.5557323815082]","[0.0, 1.0, 1.0]","[0.0, 0.6274090375321235, 0.2968500113447102]"
2,"[1.204989896054558, 10.0, 5.226881843507932, 8.237358404343606, 3.0, 6.8141504303803435, 4.158240165367506, 10.0, 0.999999, 1e-06, 1e-06, 2.0024249141668786, 3.0, 2.0, 10.0, 2.0, 3.7078958307029035]","[3000.0, 3000.0, 3000.0]","[61.11294099341718, 184.35280756966102, 392.6090734146427]","[0.0, 0.6, 1.0]","[0.0, 1.749507955532042, 1.0723026905407305]"
2,"[9.259922679243328, 10.0, 10.0, 10.0, 3.0, 8.5481539467008, 4.818794265514994, 6.092383791996312, 0.9771802819135944, 1e-06, 1e-06, 8.083413281640308, 3.0, 4.468070313045841, 10.0, 4.468070313045841, 8.851894624366023]","[3000.0, 3000.0, 3000.0]","[70.20102905444222, 202.20444394983173, 437.28355330889923]","[0.0, 0.0, 1.0]","[0.0, 1.921425218738259, 0.7325082615935274]"
2,"[6.062688728540721, 10.0, 0.0, 0.0, 8.196368388029555, 3.0, 4.832533254076284, 4.102884800852518, 1e-06, 1e-06, 10.0, 4.938283375107952, 9.145280318733239, 9.573684951911511, 1.0, 9.573684951911511, 1.0]","[763.0, 3000.0, 3000.0]","[43.84240695830764, 257.7927949091968, 446.07893174948464]","[0.0, 1.0, 1.0]","[0.0, 0.00715738827431007, 0.020521776548199387]"
2,"[10.0, 8.81755251377089, 7.889301584504826, 0.4975772303966073, 8.339142671242994, 6.225782743660213, 0.8591896953347344, 8.339912271878454, 0.8305076209691139, 1e-06, 4.790372764372665, 3.761455177221136, 3.0, 4.139979584581315, 3.212577839879735, 2.0, 1.461299263826362]","[1588.0, 3000.0, 3000.0]","[40.98678242229862, 196.1972187748078, 416.9613893658875]","[0.0, 1.0, 1.0]","[0.0, 0.4439626859033122, 0.14561582606215373]"
2,"[10.0, 8.239213972753047, 7.016225925129671, 0.0, 10.0, 3.0, 0.29986038736873866, 5.836844557072233, 0.5256256676836111, 1e-06, 10.0, 2.9818750415519526, 9.769641426285123, 9.573684951911511, 1.0, 2.592081268770607, 1.0]","[622.0, 3000.0, 3000.0]","[44.70731826961107, 261.2845723631021, 455.846020350125]","[0.0, 1.0, 1.0]","[0.0, 0.010954934937853059, 0.005950206986237364]"
2,"[8.412760166552134, 0.0, 2.1760596486043187, 3.7412665314927356, 9.745947888021957, 3.0, 9.621538055718723, 5.46343660092772, 0.999999, 1e-06, 4.697116617693614, 0.7692814312973795, 4.989961784240726, 6.622937541331219, 8.904854368498128, 2.0, 1.4443121168815836]","[638.0, 1187.0, 3000.0]","[44.63227510944851, 137.75611230950872, 407.4996205667413]","[0.0, 0.6, 1.0]","[0.0, 0.8492871007984747, 0.11458670013668136]"
2,"[7.190213661012153, 4.682732526337635, 10.0, 0.0, 10.0, 3.5615351228877077, 0.0, 10.0, 0.3262567199299968, 1e-06, 7.844887036492094, 1e-06, 3.0, 10.0, 7.177536845002814, 3.4721037038091396, 6.604241180761242]","[748.0, 3000.0, 3000.0]","[43.14998690638316, 153.4546029164758, 382.29310698139716]","[0.0, 1.0, 1.0]","[0.0, 0.32269174807714995, 0.19687075403586074]"
2,"[10.0, 0.0, 9.376428003764076, 7.139220465095871, 10.0, 6.502186437573959, 0.0, 10.0, 1e-06, 1e-06, 1e-06, 1e-06, 7.5714885496875866, 10.0, 10.0, 2.0, 1.0]","[1392.0, 1914.0, 3000.0]","[40.78397079005401, 151.29071341163305, 369.7285723356415]","[0.0, 0.8, 1.0]","[0.0, 1.2392443753383164, 0.4961838839597851]"
2,"[7.586047302722264, 0.0, 7.100371426054344, 5.930927790911001, 10.0, 5.903204469294192, 1.0895395450972059, 7.905219865213977, 0.999999, 1e-06, 4.604044461389918, 6.037398238714283, 3.0, 4.977571483783049, 3.1451834268799317, 2.0, 1.4151693374437257]","[1265.0, 3000.0, 3000.0]","[40.88293308647827, 194.57075632584622, 424.831025762321]","[0.0, 1.0, 1.0]","[0.0, 0.38996133777362424, 0.0965349881343107]"
2,"[8.77255938645096, 1.4214413815259066, 0.0, 2.6056241843513694, 5.01819879722488, 10.0, 4.69310829529012, 3.8241127175126906, 0.034463896168381025, 1e-06, 3.813278324810856, 1.3270251536712823, 7.587891997542521, 3.46741061216279, 5.953508916292855, 3.46741061216279, 5.86604097278293]","[3000.0, 3000.0, 3000.0]","[55.38703533704703, 222.44867314807996, 442.24444854979123]","[0.0, 1.0, 1.0]","[0.0, 0.5748067407201604, 0.2810593329388354]"
2,"[10.0, 0.0, 3.2634469233327774, 0.0, 10.0, 3.1688906542702595, 0.0, 2.119020203477344, 1e-06, 1e-06, 9.099985076149046, 3.0868163033852465, 4.220515719285865, 9.044213243566432, 1.0, 2.0, 1.0]","[659.0, 3000.0, 3000.0]","[44.21092491046116, 202.69264612719394, 440.95111240622776]","[0.0, 1.0, 1.0]","[0.0, 0.16879534804828222, 0.05476677002723394]"
2,"[10.0, 9.286232852580666, 10.0, 0.032384403053152155, 10.0, 4.2261920784372995, 0.0, 10.0, 1e-06, 1e-06, 6.172344403089789, 1e-06, 5.1040274202663705, 4.541967579055812, 2.7976048124935753, 2.2426625742878845, 1.0]","[898.0, 3000.0, 3000.0]","[41.99271574615376, 124.70043374475107, 364.5970437340291]","[0.0, 1.0, 1.0]","[0.0, 0.36092469350035217, 0.22081793867623783]"
2,"[6.906143117048391, 0.0, 7.310534536689464, 10.0, 8.535334669750133, 4.829948900511994, 8.215770427810817, 2.6753013488677033, 0.6704065808322344, 1e-06, 1e-06, 10.0, 9.3, 9.356163942472762, 10.0, 7.778434982116966, 2.678243150104844]","[1208.0, 2338.0, 3000.0]","[41.256761189016416, 134.66695262820204, 352.071984300121]","[0.0, 0.6, 1.0]","[0.0, 1.9369794500467605, 0.6613879495109765]"
2,"[6.192853362219423, 10.0, 4.380253065126906, 0.0, 7.629406972095202, 3.0, 10.0, 1.137650071389265, 0.7067648618923421, 1e-06, 10.0, 1e-06, 4.921625475054902, 8.387953284666356, 1.0, 2.0, 1.0]","[821.0, 3000.0, 3000.0]","[43.58177102019026, 124.45025802872796, 362.30647452183206]","[0.0, 1.0, 1.0]","[0.0, 0.4076868731808483, 0.20071676653565299]"
2,"[0.0, 9.876593392388362, 7.659106993839755, 10.0, 6.612434474418137, 10.0, 9.830277563922937, 0.0, 0.20827239950918253, 1e-06, 0.6227534811863455, 10.0, 4.9825347772369915, 2.474569859743875, 10.0, 2.474569859743875, 5.1977040614449335]","[3000.0, 3000.0, 3000.0]","[43.440692700778705, 201.04125855450417, 394.6838679187138]","[0.0, 0.8, 1.0]","[0.0, 0.6677237630137068, 0.5505860286145152]"
2,"[9.892459921570294, 3.57892839694588, 0.0, 0.0, 7.034576710193605, 7.626884185091355, 0.0, 1.1639061355534723, 0.04107428118021117, 1e-06, 9.129660075505118, 2.1512735443407456, 4.889969213260175, 2.0, 1.0, 2.0, 1.0]","[2263.0, 3000.0, 3000.0]","[41.493215237109986, 226.3639092080756, 441.35442907311153]","[0.0, 1.0, 1.0]","[0.0, 0.11301758548009301, 0.029332582854384923]"
2,"[9.149908733563027, 10.0, 7.837499861939277, 2.5306713266418734, 8.243989110428398, 6.251656604188051, 2.6328154023801815, 3.76931472832387, 0.7325151770055248, 1e-06, 3.9972323269592094, 1e-06, 3.0, 3.262286613560134, 4.164200734673113, 2.0, 1.529024378100523]","[1612.0, 3000.0, 3000.0]","[41.00045380192227, 133.15478224852384, 350.84462318081364]","[0.0, 1.0, 1.0]","[0.0, 0.6031782635859131, 0.3987695052850709]"
2,"[9.662900225671592, 5.589870953004336, 10.0, 3.365828356391139, 10.0, 3.6506331137173156, 10.0, 0.0, 0.999999, 1e-06, 7.959153928960612, 10.0, 7.476794479705713, 10.0, 3.5836070593136276, 10.0, 1.0]","[768.0, 3000.0, 3000.0]","[42.965314303007574, 262.77013185338376, 454.7729678081661]","[0.0, 1.0, 1.0]","[0.0, 0.006420912641208897, 0.019071700726326177]"
2,"[10.0, 7.514127733156611, 10.0, 0.8658419359109132, 8.501438041578075, 3.0, 8.769724514864368, 0.0, 0.6321057009810932, 1e-06, 7.1940514835592255, 7.622710855007929, 3.6145280318733235, 8.26250757658835, 1.501435017927255, 7.652186494116395, 1.501435017927255]","[735.0, 3000.0, 3000.0]","[43.98344194154874, 212.92748403538926, 444.2706460133823]","[0.0, 1.0, 1.0]","[0.0, 0.36385740550090057, 0.00900671507072937]"
2,"[10.0, 0.0, 0.0, 0.0, 10.0, 3.0, 3.6394875689326587, 0.0, 0.33078247643036374, 1e-06, 5.377336291309357, 1.4299579986594497, 7.120005859232468, 5.448862387481024, 4.137299842933325, 2.0, 1.0]","[622.0, 3000.0, 3000.0]","[44.70731826961107, 229.12880334719247, 454.35672824014364]","[0.0, 1.0, 1.0]","[0.0, 0.040626435103911035, 0.009468640335044043]"
2,"[10.0, 10.0, 2.1644655684330676, 0.0, 9.963726952196435, 3.0, 4.455077608652839, 0.4929844683802526, 1e-06, 1e-06, 9.876275609218887, 2.5512951353467406, 8.107959475878477, 10.0, 1.0, 10.0, 1.0]","[624.0, 3000.0, 3000.0]","[44.7131774567262, 255.44812938385542, 454.9241156494774]","[0.0, 1.0, 1.0]","[0.0, 0.02705383648871352, 0.011012066612720278]"
2,"[0.0, 10.0, 0.0, 10.0, 3.0, 3.0, 10.0, 0.9210942527378438, 0.7394138264654146, 1e-06, 1e-06, 2.3860147756589045, 9.615976606958746, 5.847129252803997, 9.959822036824495, 3.765873164380965, 2.092644287352949]","[2078.0, 3000.0, 3000.0]","[42.281909640501496, 150.65449176869993, 370.80620213854365]","[0.0, 0.4, 0.8]","[0.0, 2.1246663703537174, 1.9312249196642406]"
2,"[5.572249573346631, 1.0, 1.9771492297621527, 10.0, 7.4955328922195426, 5.631420419972666, 0.0, 10.0, 1e-06, 1e-06, 0.058035799707631064, 4.879273862619377, 6.860896229010452, 2.3894215032070827, 4.193454838260236, 2.3894215032070827, 3.5219754022867042]","[1596.0, 3000.0, 3000.0]","[41.09800913711263, 138.41461235155344, 367.2990649955645]","[0.0, 1.0, 1.0]","[0.0, 0.5684391773648115, 0.34023831188297726]"
2,"[7.837935965228638, 0.0, 0.0, 0.0, 10.0, 3.76287406001002, 3.870177715319546, 10.0, 0.6492281597836684, 1e-06, 6.202176140086107, 1.3384807838144124, 8.502918160566484, 4.353202073067355, 9.241613199161096, 2.0, 3.6139275742965395]","[794.0, 3000.0, 3000.0]","[42.707252100274935, 237.34717464478155, 456.8223553607489]","[0.0, 1.0, 1.0]","[0.0, 0.11490738580063795, 0.009567864956633657]"
2,"[0.0, 8.480117076502632, 10.0, 10.0, 3.0, 10.0, 4.520279600452276, 10.0, 0.32861662557639865, 1e-06, 1e-06, 10.0, 7.679761605803157, 7.445035836126365, 10.0, 7.445035836126365, 10.0]","[3000.0, 3000.0, 3000.0]","[75.91738594319864, 215.26232762487035, 443.98885230219975]","[0.0, 0.0, 0.8666666666666667]","[0.0, 1.9556119121912676, 1.4986952466752548]"
2,"[10.0, 10.0, 2.9874769287035505, 2.7924015360225902, 8.676164823660315, 3.0, 0.0, 0.0, 1e-06, 1e-06, 4.133969971246322, 3.838592831508275, 3.0, 2.0, 1.0, 2.0, 1.0]","[719.0, 3000.0, 3000.0]","[44.11629637798707, 187.19517884037396, 416.24509379580724]","[0.0, 1.0, 1.0]","[0.0, 0.21548121964332734, 0.07386921850747995]"
